original	archived	reason
scripts/discussion_compare_summary.sbatch	.Trash/2026-09-29_paper_code_cleanup/scripts/discussion_compare_summary.sbatch	superseded_or_exploratory
scripts/discussion_existing_review.sbatch	.Trash/2026-09-29_paper_code_cleanup/scripts/discussion_existing_review.sbatch	superseded_or_exploratory
scripts/discussion_feature40_compare.sbatch	.Trash/2026-09-29_paper_code_cleanup/scripts/discussion_feature40_compare.sbatch	superseded_or_exploratory
scripts/discussion_feature_compare.sbatch	.Trash/2026-09-29_paper_code_cleanup/scripts/discussion_feature_compare.sbatch	superseded_or_exploratory
scripts/discussion_feature_external.sbatch	.Trash/2026-09-29_paper_code_cleanup/scripts/discussion_feature_external.sbatch	superseded_or_exploratory
scripts/discussion_feature_external_reverse.sbatch	.Trash/2026-09-29_paper_code_cleanup/scripts/discussion_feature_external_reverse.sbatch	superseded_or_exploratory
scripts/discussion_feature_reverse.sbatch	.Trash/2026-09-29_paper_code_cleanup/scripts/discussion_feature_reverse.sbatch	superseded_or_exploratory
scripts/discussion_highband_audit.sbatch	.Trash/2026-09-29_paper_code_cleanup/scripts/discussion_highband_audit.sbatch	superseded_or_exploratory
scripts/discussion_image20_compare.sbatch	.Trash/2026-09-29_paper_code_cleanup/scripts/discussion_image20_compare.sbatch	superseded_or_exploratory
scripts/discussion_structure_compare.sbatch	.Trash/2026-09-29_paper_code_cleanup/scripts/discussion_structure_compare.sbatch	superseded_or_exploratory
scripts/discussion_structure_image_eval.sbatch	.Trash/2026-09-29_paper_code_cleanup/scripts/discussion_structure_image_eval.sbatch	superseded_or_exploratory
scripts/discussion_structure_predict.sbatch	.Trash/2026-09-29_paper_code_cleanup/scripts/discussion_structure_predict.sbatch	superseded_or_exploratory
scripts/discussion_structure_train.sbatch	.Trash/2026-09-29_paper_code_cleanup/scripts/discussion_structure_train.sbatch	superseded_or_exploratory
scripts/discussion_structure_uni_eval.sbatch	.Trash/2026-09-29_paper_code_cleanup/scripts/discussion_structure_uni_eval.sbatch	superseded_or_exploratory
scripts/manuscript_completion_cross_spectral_aggregate.sbatch	.Trash/2026-09-29_paper_code_cleanup/scripts/manuscript_completion_cross_spectral_aggregate.sbatch	superseded_or_exploratory
scripts/manuscript_completion_cross_spectral_extract.sbatch	.Trash/2026-09-29_paper_code_cleanup/scripts/manuscript_completion_cross_spectral_extract.sbatch	superseded_or_exploratory
scripts/manuscript_completion_frequency_test.sbatch	.Trash/2026-09-29_paper_code_cleanup/scripts/manuscript_completion_frequency_test.sbatch	superseded_or_exploratory
scripts/manuscript_completion_interaction_run.sbatch	.Trash/2026-09-29_paper_code_cleanup/scripts/manuscript_completion_interaction_run.sbatch	superseded_or_exploratory
scripts/manuscript_completion_pfm_test.sbatch	.Trash/2026-09-29_paper_code_cleanup/scripts/manuscript_completion_pfm_test.sbatch	superseded_or_exploratory
scripts/pix2pix_image_evaluate_array.sbatch	.Trash/2026-09-29_paper_code_cleanup/scripts/pix2pix_image_evaluate_array.sbatch	superseded_or_exploratory
scripts/pix2pix_predict_array.sbatch	.Trash/2026-09-29_paper_code_cleanup/scripts/pix2pix_predict_array.sbatch	superseded_or_exploratory
scripts/pix2pix_prepare.sbatch	.Trash/2026-09-29_paper_code_cleanup/scripts/pix2pix_prepare.sbatch	superseded_or_exploratory
scripts/pix2pix_summarize.sbatch	.Trash/2026-09-29_paper_code_cleanup/scripts/pix2pix_summarize.sbatch	superseded_or_exploratory
scripts/pix2pix_train.sbatch	.Trash/2026-09-29_paper_code_cleanup/scripts/pix2pix_train.sbatch	superseded_or_exploratory
scripts/pix2pix_train_array.sbatch	.Trash/2026-09-29_paper_code_cleanup/scripts/pix2pix_train_array.sbatch	superseded_or_exploratory
scripts/pix2pix_uni_array.sbatch	.Trash/2026-09-29_paper_code_cleanup/scripts/pix2pix_uni_array.sbatch	superseded_or_exploratory
scripts/review_gan_crossencoder_plot.py	.Trash/2026-09-29_paper_code_cleanup/scripts/review_gan_crossencoder_plot.py	superseded_or_exploratory
scripts/review_gan_crossencoder_plot.sbatch	.Trash/2026-09-29_paper_code_cleanup/scripts/review_gan_crossencoder_plot.sbatch	superseded_or_exploratory
scripts/review_multiencoder_aggregate.py	.Trash/2026-09-29_paper_code_cleanup/scripts/review_multiencoder_aggregate.py	superseded_or_exploratory
scripts/review_multiencoder_aggregate.sbatch	.Trash/2026-09-29_paper_code_cleanup/scripts/review_multiencoder_aggregate.sbatch	superseded_or_exploratory
scripts/review_multiencoder_plot.py	.Trash/2026-09-29_paper_code_cleanup/scripts/review_multiencoder_plot.py	superseded_or_exploratory
scripts/review_multiencoder_plot.sbatch	.Trash/2026-09-29_paper_code_cleanup/scripts/review_multiencoder_plot.sbatch	superseded_or_exploratory
scripts/review_multiencoder_scanner.sbatch	.Trash/2026-09-29_paper_code_cleanup/scripts/review_multiencoder_scanner.sbatch	superseded_or_exploratory
scripts/review_plism_gan_crossencoder.py	.Trash/2026-09-29_paper_code_cleanup/scripts/review_plism_gan_crossencoder.py	superseded_or_exploratory
scripts/review_plism_gan_crossencoder.sbatch	.Trash/2026-09-29_paper_code_cleanup/scripts/review_plism_gan_crossencoder.sbatch	superseded_or_exploratory
scripts/review_plism_gan_crossencoder_aggregate.py	.Trash/2026-09-29_paper_code_cleanup/scripts/review_plism_gan_crossencoder_aggregate.py	superseded_or_exploratory
scripts/review_plism_gan_crossencoder_aggregate.sbatch	.Trash/2026-09-29_paper_code_cleanup/scripts/review_plism_gan_crossencoder_aggregate.sbatch	superseded_or_exploratory
scripts/review_reinhard_gain.py	.Trash/2026-09-29_paper_code_cleanup/scripts/review_reinhard_gain.py	superseded_or_exploratory
scripts/review_reinhard_gain.sbatch	.Trash/2026-09-29_paper_code_cleanup/scripts/review_reinhard_gain.sbatch	superseded_or_exploratory
src/manuscript_completion/cross_spectral.py	.Trash/2026-09-29_paper_code_cleanup/src/manuscript_completion/cross_spectral.py	superseded_or_exploratory
src/manuscript_completion/discussion_compare_summary.py	.Trash/2026-09-29_paper_code_cleanup/src/manuscript_completion/discussion_compare_summary.py	superseded_or_exploratory
src/manuscript_completion/discussion_existing_review.py	.Trash/2026-09-29_paper_code_cleanup/src/manuscript_completion/discussion_existing_review.py	superseded_or_exploratory
src/manuscript_completion/discussion_highband_audit.py	.Trash/2026-09-29_paper_code_cleanup/src/manuscript_completion/discussion_highband_audit.py	superseded_or_exploratory
src/manuscript_completion/discussion_image20_compare.py	.Trash/2026-09-29_paper_code_cleanup/src/manuscript_completion/discussion_image20_compare.py	superseded_or_exploratory
src/manuscript_completion/discussion_structure_compare.py	.Trash/2026-09-29_paper_code_cleanup/src/manuscript_completion/discussion_structure_compare.py	superseded_or_exploratory
src/manuscript_completion/discussion_structure_train.py	.Trash/2026-09-29_paper_code_cleanup/src/manuscript_completion/discussion_structure_train.py	superseded_or_exploratory
src/manuscript_completion/interaction.py	.Trash/2026-09-29_paper_code_cleanup/src/manuscript_completion/interaction.py	superseded_or_exploratory
tests/test_manuscript_cross_spectral.py	.Trash/2026-09-29_paper_code_cleanup/tests/test_manuscript_cross_spectral.py	superseded_or_exploratory
tests/test_manuscript_interaction.py	.Trash/2026-09-29_paper_code_cleanup/tests/test_manuscript_interaction.py	superseded_or_exploratory
