archived/2026-09-16_pre_106slide_restart/outputs/e0_native_geometry_final/native_geometry_manifest.csv	data/provenance/pannormal_native_geometry_manifest.csv
archived	.Trash/2026-09-26_paper_refactor/archived
00_manuscript/archive	.Trash/2026-09-26_paper_refactor/00_manuscript_archive
_workspace	.Trash/2026-09-26_paper_refactor/_workspace
logs	.Trash/2026-09-26_paper_refactor/logs
analysis/results	.Trash/2026-09-26_paper_refactor/analysis_old_results
docs	.Trash/2026-09-26_paper_refactor/prior_report/docs
reports/pannormal_story_bilingual_v3	.Trash/2026-09-26_paper_refactor/prior_report/reports/pannormal_story_bilingual_v3
presentations/pannormal_scanner_harmonization_report_v3_2026-08-29	.Trash/2026-09-26_paper_refactor/prior_report/presentations/pannormal_scanner_harmonization_report_v3_2026-08-29
reports/scanner_batch_effect_analysis_2026-09-17	.Trash/2026-09-26_paper_refactor/prior_report/reports/scanner_batch_effect_analysis_2026-09-17
presentations/scanner_batch_effect_analysis_2026-09-17	.Trash/2026-09-26_paper_refactor/prior_report/presentations/scanner_batch_effect_analysis_2026-09-17
src/audit_pannormal_core_results.py	.Trash/2026-09-26_paper_refactor/prior_report/src/audit_pannormal_core_results.py
src/build_pannormal_story_report_v3.py	.Trash/2026-09-26_paper_refactor/prior_report/src/build_pannormal_story_report_v3.py
src/build_final_image_study_report.py	.Trash/2026-09-26_paper_refactor/prior_report/src/build_final_image_study_report.py
src/build_final_image_story_visuals.py	.Trash/2026-09-26_paper_refactor/prior_report/src/build_final_image_story_visuals.py
scripts/_verify_report_v3.py	.Trash/2026-09-26_paper_refactor/prior_report/scripts/_verify_report_v3.py
scripts/pannormal_core_results_audit.sbatch	.Trash/2026-09-26_paper_refactor/prior_report/scripts/pannormal_core_results_audit.sbatch
scripts/report_v3_validate.sbatch	.Trash/2026-09-26_paper_refactor/prior_report/scripts/report_v3_validate.sbatch
scripts/build_final_image_study_report.sbatch	.Trash/2026-09-26_paper_refactor/prior_report/scripts/build_final_image_study_report.sbatch
scripts/build_final_image_story_visuals.sbatch	.Trash/2026-09-26_paper_refactor/prior_report/scripts/build_final_image_story_visuals.sbatch
scripts/migrate_latex_to_home.sh	.Trash/2026-09-26_paper_refactor/prior_report/scripts/migrate_latex_to_home.sh
scripts/migrate_latex_to_home.sbatch	.Trash/2026-09-26_paper_refactor/prior_report/scripts/migrate_latex_to_home.sbatch
scripts/configure_remote_latex.sh	.Trash/2026-09-26_paper_refactor/prior_report/scripts/configure_remote_latex.sh
analysis/paper/README.md	.Trash/2026-09-26_paper_refactor/old_analysis_readme.md
analysis/paper/plot_augmentation_axis_sweep.py	.Trash/2026-09-26_paper_refactor/unused_analysis/analysis/paper/plot_augmentation_axis_sweep.py
analysis/paper/run_augmentation_axis_sweep.sbatch	.Trash/2026-09-26_paper_refactor/unused_analysis/analysis/paper/run_augmentation_axis_sweep.sbatch
analysis/paper/results/augmentation_axis_sweep	.Trash/2026-09-26_paper_refactor/unused_analysis/analysis/paper/results/augmentation_axis_sweep
analysis/paper/augmentation_scanner_trajectories.py	.Trash/2026-09-26_paper_refactor/unused_analysis/analysis/paper/augmentation_scanner_trajectories.py
analysis/paper/aggregate_augmentation_scanner_trajectories.py	.Trash/2026-09-26_paper_refactor/unused_analysis/analysis/paper/aggregate_augmentation_scanner_trajectories.py
analysis/paper/aggregate_augmentation_scanner_trajectories.sbatch	.Trash/2026-09-26_paper_refactor/unused_analysis/analysis/paper/aggregate_augmentation_scanner_trajectories.sbatch
analysis/paper/run_augmentation_scanner_trajectories.sbatch	.Trash/2026-09-26_paper_refactor/unused_analysis/analysis/paper/run_augmentation_scanner_trajectories.sbatch
analysis/paper/plot_augmentation_scanner_embedding.py	.Trash/2026-09-26_paper_refactor/unused_analysis/analysis/paper/plot_augmentation_scanner_embedding.py
analysis/paper/plot_augmentation_scanner_embedding.sbatch	.Trash/2026-09-26_paper_refactor/unused_analysis/analysis/paper/plot_augmentation_scanner_embedding.sbatch
analysis/paper/results/augmentation_scanner_trajectories	.Trash/2026-09-26_paper_refactor/unused_analysis/analysis/paper/results/augmentation_scanner_trajectories
analysis/paper/aggregate_joint_interaction_lmm.sbatch	.Trash/2026-09-26_paper_refactor/unused_analysis/analysis/paper/aggregate_joint_interaction_lmm.sbatch
analysis/paper/run_joint_interaction_lmm.sbatch	.Trash/2026-09-26_paper_refactor/unused_analysis/analysis/paper/run_joint_interaction_lmm.sbatch
scripts/manuscript_completion_joint_lmm.sbatch	.Trash/2026-09-26_paper_refactor/unused_analysis/scripts/manuscript_completion_joint_lmm.sbatch
scripts/manuscript_completion_joint_lmm_aggregate.sbatch	.Trash/2026-09-26_paper_refactor/unused_analysis/scripts/manuscript_completion_joint_lmm_aggregate.sbatch
src/manuscript_completion/joint_interaction_lmm.py	.Trash/2026-09-26_paper_refactor/unused_analysis/src/manuscript_completion/joint_interaction_lmm.py
outputs/scanner_batch_effect_analysis_2026-09-17/12_manuscript_completion/08_joint_interaction_lmm	.Trash/2026-09-26_paper_refactor/unused_analysis/outputs/scanner_batch_effect_analysis_2026-09-17/12_manuscript_completion/08_joint_interaction_lmm
analysis/paper/plot_direct_slide_lmm.sbatch	.Trash/2026-09-26_paper_refactor/unused_analysis/analysis/paper/plot_direct_slide_lmm.sbatch
analysis/paper/plot_slide_level_lmm.sbatch	.Trash/2026-09-26_paper_refactor/unused_analysis/analysis/paper/plot_slide_level_lmm.sbatch
analysis/paper/table5_percent_ci.py	.Trash/2026-09-26_paper_refactor/unused_analysis/analysis/paper/table5_percent_ci.py
analysis/paper/scanner_tissue_space.py	.Trash/2026-09-26_paper_refactor/unused_analysis/analysis/paper/scanner_tissue_space.py
analysis/paper/run_scanner_tissue_space.sbatch	.Trash/2026-09-26_paper_refactor/unused_analysis/analysis/paper/run_scanner_tissue_space.sbatch
analysis/paper/render_scanner_tissue_pdf_page.sbatch	.Trash/2026-09-26_paper_refactor/unused_analysis/analysis/paper/render_scanner_tissue_pdf_page.sbatch
analysis/paper/results/plism_gt450_extension/logs	.Trash/2026-09-26_paper_refactor/generated/analysis/paper/results/plism_gt450_extension/logs
analysis/paper/results/plism_gt450_extension/.mplconfig	.Trash/2026-09-26_paper_refactor/generated/analysis/paper/results/plism_gt450_extension/.mplconfig
analysis/paper/results/manuscript_build/render_23554137.out	.Trash/2026-09-26_paper_refactor/generated/analysis/paper/results/manuscript_build/render_23554137.out
analysis/paper/results/manuscript_build/build_23707000.out	.Trash/2026-09-26_paper_refactor/generated/analysis/paper/results/manuscript_build/build_23707000.out
analysis/paper/results/manuscript_build/build_23708998.out	.Trash/2026-09-26_paper_refactor/generated/analysis/paper/results/manuscript_build/build_23708998.out
analysis/paper/results/manuscript_build/pannormal_scanner_batch_effects_ko.log	.Trash/2026-09-26_paper_refactor/generated/analysis/paper/results/manuscript_build/pannormal_scanner_batch_effects_ko.log
analysis/paper/results/manuscript_build/pannormal_scanner_batch_effects_ko_validation.log	.Trash/2026-09-26_paper_refactor/generated/analysis/paper/results/manuscript_build/pannormal_scanner_batch_effects_ko_validation.log
analysis/paper/results/manuscript_build/pannormal_scanner_batch_effects.out	.Trash/2026-09-26_paper_refactor/generated/analysis/paper/results/manuscript_build/pannormal_scanner_batch_effects.out
analysis/paper/results/manuscript_build/build_23553788.out	.Trash/2026-09-26_paper_refactor/generated/analysis/paper/results/manuscript_build/build_23553788.out
analysis/paper/results/manuscript_build/figure2_rebuild.log	.Trash/2026-09-26_paper_refactor/generated/analysis/paper/results/manuscript_build/figure2_rebuild.log
analysis/paper/results/manuscript_build/build_23553582.out	.Trash/2026-09-26_paper_refactor/generated/analysis/paper/results/manuscript_build/build_23553582.out
analysis/paper/results/manuscript_build/build_23553934.out	.Trash/2026-09-26_paper_refactor/generated/analysis/paper/results/manuscript_build/build_23553934.out
analysis/paper/results/manuscript_build/pannormal_scanner_batch_effects_ko_validation.out	.Trash/2026-09-26_paper_refactor/generated/analysis/paper/results/manuscript_build/pannormal_scanner_batch_effects_ko_validation.out
analysis/paper/results/manuscript_build/build_23553528.out	.Trash/2026-09-26_paper_refactor/generated/analysis/paper/results/manuscript_build/build_23553528.out
analysis/paper/results/manuscript_build/build_23554208.out	.Trash/2026-09-26_paper_refactor/generated/analysis/paper/results/manuscript_build/build_23554208.out
analysis/paper/results/manuscript_build/pannormal_scanner_batch_effects_ko.out	.Trash/2026-09-26_paper_refactor/generated/analysis/paper/results/manuscript_build/pannormal_scanner_batch_effects_ko.out
analysis/paper/results/manuscript_build/build_23707001.out	.Trash/2026-09-26_paper_refactor/generated/analysis/paper/results/manuscript_build/build_23707001.out
analysis/paper/results/manuscript_build/pannormal_scanner_batch_effects.log	.Trash/2026-09-26_paper_refactor/generated/analysis/paper/results/manuscript_build/pannormal_scanner_batch_effects.log
analysis/paper/results/manuscript_build/build_23708999.out	.Trash/2026-09-26_paper_refactor/generated/analysis/paper/results/manuscript_build/build_23708999.out
analysis/paper/results/manuscript_build/render_23554090.out	.Trash/2026-09-26_paper_refactor/generated/analysis/paper/results/manuscript_build/render_23554090.out
analysis/paper/results/augmentation_strong_blur/logs	.Trash/2026-09-26_paper_refactor/generated/analysis/paper/results/augmentation_strong_blur/logs
analysis/paper/results/augmentation_strong_blur/.mplconfig	.Trash/2026-09-26_paper_refactor/generated/analysis/paper/results/augmentation_strong_blur/.mplconfig
analysis/paper/results/scanner_color_frequency_space/.mplconfig	.Trash/2026-09-26_paper_refactor/generated/analysis/paper/results/scanner_color_frequency_space/.mplconfig
analysis/paper/results/scanner_color_frequency_space/scanner_tissue_23552980.out	.Trash/2026-09-26_paper_refactor/generated/analysis/paper/results/scanner_color_frequency_space/scanner_tissue_23552980.out
analysis/paper/results/scanner_color_frequency_space/map_23551505.out	.Trash/2026-09-26_paper_refactor/generated/analysis/paper/results/scanner_color_frequency_space/map_23551505.out
analysis/paper/results/scanner_color_frequency_space/plism_23551865.out	.Trash/2026-09-26_paper_refactor/generated/analysis/paper/results/scanner_color_frequency_space/plism_23551865.out
analysis/paper/results/scanner_color_frequency_space/scanner_tissue_23553153.out	.Trash/2026-09-26_paper_refactor/generated/analysis/paper/results/scanner_color_frequency_space/scanner_tissue_23553153.out
analysis/paper/results/scanner_color_frequency_space/map_23551180.out	.Trash/2026-09-26_paper_refactor/generated/analysis/paper/results/scanner_color_frequency_space/map_23551180.out
analysis/paper/results/scanner_color_frequency_space/scanner_tissue_23552741.out	.Trash/2026-09-26_paper_refactor/generated/analysis/paper/results/scanner_color_frequency_space/scanner_tissue_23552741.out
analysis/paper/results/scanner_color_frequency_space/plism_23552004.out	.Trash/2026-09-26_paper_refactor/generated/analysis/paper/results/scanner_color_frequency_space/plism_23552004.out
analysis/paper/results/scanner_color_frequency_space/plism_23551660.out	.Trash/2026-09-26_paper_refactor/generated/analysis/paper/results/scanner_color_frequency_space/plism_23551660.out
analysis/paper/results/scanner_color_frequency_space/map_23551348.out	.Trash/2026-09-26_paper_refactor/generated/analysis/paper/results/scanner_color_frequency_space/map_23551348.out
analysis/paper/results/scanner_color_frequency_space/scanner_tissue_23552947.out	.Trash/2026-09-26_paper_refactor/generated/analysis/paper/results/scanner_color_frequency_space/scanner_tissue_23552947.out
analysis/paper/results/direct_slide_lmm/.matplotlib	.Trash/2026-09-26_paper_refactor/generated/analysis/paper/results/direct_slide_lmm/.matplotlib
analysis/paper/results/direct_slide_lmm/logs	.Trash/2026-09-26_paper_refactor/generated/analysis/paper/results/direct_slide_lmm/logs
analysis/paper/results/frequency_pfm_audit/logs	.Trash/2026-09-26_paper_refactor/generated/analysis/paper/results/frequency_pfm_audit/logs
analysis/paper/results/frequency_pfm_audit/retention_23548786.out	.Trash/2026-09-26_paper_refactor/generated/analysis/paper/results/frequency_pfm_audit/retention_23548786.out
analysis/paper/results/frequency_pfm_audit/audit_23548503.out	.Trash/2026-09-26_paper_refactor/generated/analysis/paper/results/frequency_pfm_audit/audit_23548503.out
analysis/paper/results/frequency_pfm_audit/audit_23548049.out	.Trash/2026-09-26_paper_refactor/generated/analysis/paper/results/frequency_pfm_audit/audit_23548049.out
analysis/paper/results/frequency_pfm_audit/audit_23547857.out	.Trash/2026-09-26_paper_refactor/generated/analysis/paper/results/frequency_pfm_audit/audit_23547857.out
analysis/paper/results/augmentation_paired_metrics/logs	.Trash/2026-09-26_paper_refactor/generated/analysis/paper/results/augmentation_paired_metrics/logs
analysis/paper/results/augmentation_paired_metrics/.mplconfig	.Trash/2026-09-26_paper_refactor/generated/analysis/paper/results/augmentation_paired_metrics/.mplconfig
analysis/paper/results/augmentation_common_uni_space/logs	.Trash/2026-09-26_paper_refactor/generated/analysis/paper/results/augmentation_common_uni_space/logs
analysis/paper/results/augmentation_common_uni_space/.mplconfig	.Trash/2026-09-26_paper_refactor/generated/analysis/paper/results/augmentation_common_uni_space/.mplconfig
outputs/full_population_reanalysis_2026-09-25/logs	.Trash/2026-09-26_paper_refactor/generated/outputs/full_population_reanalysis_2026-09-25/logs
outputs/sample_panel_audit_2026-09-25/logs	.Trash/2026-09-26_paper_refactor/generated/outputs/sample_panel_audit_2026-09-25/logs
outputs/scanner_batch_effect_analysis_2026-09-17/.matplotlib	.Trash/2026-09-26_paper_refactor/generated/outputs/scanner_batch_effect_analysis_2026-09-17/.matplotlib
outputs/scanner_batch_effect_analysis_2026-09-17/logs	.Trash/2026-09-26_paper_refactor/generated/outputs/scanner_batch_effect_analysis_2026-09-17/logs
outputs/scanner_batch_effect_analysis_2026-09-17/06_learned_baselines/logs	.Trash/2026-09-26_paper_refactor/generated/outputs/scanner_batch_effect_analysis_2026-09-17/06_learned_baselines/logs
outputs/scanner_batch_effect_analysis_2026-09-17/06_learned_baselines/11_cyclegan_full_training/logs	.Trash/2026-09-26_paper_refactor/generated/outputs/scanner_batch_effect_analysis_2026-09-17/06_learned_baselines/11_cyclegan_full_training/logs
outputs/scanner_batch_effect_analysis_2026-09-17/06_learned_baselines/11_cyclegan_full_training/.mplconfig	.Trash/2026-09-26_paper_refactor/generated/outputs/scanner_batch_effect_analysis_2026-09-17/06_learned_baselines/11_cyclegan_full_training/.mplconfig
outputs/scanner_batch_effect_analysis_2026-09-17/06_learned_baselines/11_cyclegan_full_training/00_smoke/logs	.Trash/2026-09-26_paper_refactor/generated/outputs/scanner_batch_effect_analysis_2026-09-17/06_learned_baselines/11_cyclegan_full_training/00_smoke/logs
outputs/scanner_batch_effect_analysis_2026-09-17/06_learned_baselines/11_cyclegan_full_training/00_benchmark_b16/logs	.Trash/2026-09-26_paper_refactor/generated/outputs/scanner_batch_effect_analysis_2026-09-17/06_learned_baselines/11_cyclegan_full_training/00_benchmark_b16/logs
outputs/scanner_batch_effect_analysis_2026-09-17/06_learned_baselines/11_cyclegan_full_training/10_plism_external_bidirectional/logs	.Trash/2026-09-26_paper_refactor/generated/outputs/scanner_batch_effect_analysis_2026-09-17/06_learned_baselines/11_cyclegan_full_training/10_plism_external_bidirectional/logs
outputs/scanner_batch_effect_analysis_2026-09-17/06_learned_baselines/11_cyclegan_full_training/10_plism_external_bidirectional/.mplconfig	.Trash/2026-09-26_paper_refactor/generated/outputs/scanner_batch_effect_analysis_2026-09-17/06_learned_baselines/11_cyclegan_full_training/10_plism_external_bidirectional/.mplconfig
outputs/scanner_batch_effect_analysis_2026-09-17/06_learned_baselines/09_bidirectional_full_training/logs	.Trash/2026-09-26_paper_refactor/generated/outputs/scanner_batch_effect_analysis_2026-09-17/06_learned_baselines/09_bidirectional_full_training/logs
outputs/scanner_batch_effect_analysis_2026-09-17/06_learned_baselines/09_bidirectional_full_training/.mplconfig	.Trash/2026-09-26_paper_refactor/generated/outputs/scanner_batch_effect_analysis_2026-09-17/06_learned_baselines/09_bidirectional_full_training/.mplconfig
outputs/scanner_batch_effect_analysis_2026-09-17/06_learned_baselines/09_bidirectional_full_training/00_smoke/logs	.Trash/2026-09-26_paper_refactor/generated/outputs/scanner_batch_effect_analysis_2026-09-17/06_learned_baselines/09_bidirectional_full_training/00_smoke/logs
outputs/scanner_batch_effect_analysis_2026-09-17/06_learned_baselines/09_bidirectional_full_training/10_plism_external_bidirectional/logs	.Trash/2026-09-26_paper_refactor/generated/outputs/scanner_batch_effect_analysis_2026-09-17/06_learned_baselines/09_bidirectional_full_training/10_plism_external_bidirectional/logs
outputs/scanner_batch_effect_analysis_2026-09-17/06_learned_baselines/09_bidirectional_full_training/10_plism_external_bidirectional/.mplconfig	.Trash/2026-09-26_paper_refactor/generated/outputs/scanner_batch_effect_analysis_2026-09-17/06_learned_baselines/09_bidirectional_full_training/10_plism_external_bidirectional/.mplconfig
outputs/scanner_batch_effect_analysis_2026-09-17/06_learned_baselines/02_pix2pix/benchmarks/akoya_to_at2_fold0_1000step/logs	.Trash/2026-09-26_paper_refactor/generated/outputs/scanner_batch_effect_analysis_2026-09-17/06_learned_baselines/02_pix2pix/benchmarks/akoya_to_at2_fold0_1000step/logs
outputs/scanner_batch_effect_analysis_2026-09-17/06_learned_baselines/08_overfit_sanity/logs	.Trash/2026-09-26_paper_refactor/generated/outputs/scanner_batch_effect_analysis_2026-09-17/06_learned_baselines/08_overfit_sanity/logs
outputs/scanner_batch_effect_analysis_2026-09-17/08_plism_external/pix2pix_gt450_to_at2_image_safety/logs	.Trash/2026-09-26_paper_refactor/generated/outputs/scanner_batch_effect_analysis_2026-09-17/08_plism_external/pix2pix_gt450_to_at2_image_safety/logs
outputs/scanner_batch_effect_analysis_2026-09-17/08_plism_external/pix2pix_gt450_to_at2/logs	.Trash/2026-09-26_paper_refactor/generated/outputs/scanner_batch_effect_analysis_2026-09-17/08_plism_external/pix2pix_gt450_to_at2/logs
outputs/scanner_batch_effect_analysis_2026-09-17/12_manuscript_completion/logs	.Trash/2026-09-26_paper_refactor/generated/outputs/scanner_batch_effect_analysis_2026-09-17/12_manuscript_completion/logs
outputs/scanner_batch_effect_analysis_2026-09-17/12_manuscript_completion/09_table2_benchmark/logs	.Trash/2026-09-26_paper_refactor/generated/outputs/scanner_batch_effect_analysis_2026-09-17/12_manuscript_completion/09_table2_benchmark/logs
outputs/scanner_batch_effect_analysis_2026-09-17/12_manuscript_completion/09_table2_benchmark/.mplconfig	.Trash/2026-09-26_paper_refactor/generated/outputs/scanner_batch_effect_analysis_2026-09-17/12_manuscript_completion/09_table2_benchmark/.mplconfig
outputs/scanner_batch_effect_analysis_2026-09-17/12_manuscript_completion/01_pfm_problem_definition/logs	.Trash/2026-09-26_paper_refactor/generated/outputs/scanner_batch_effect_analysis_2026-09-17/12_manuscript_completion/01_pfm_problem_definition/logs
outputs/scanner_batch_effect_analysis_2026-09-17/12_manuscript_completion/10_slide_level_lmm/.matplotlib	.Trash/2026-09-26_paper_refactor/generated/outputs/scanner_batch_effect_analysis_2026-09-17/12_manuscript_completion/10_slide_level_lmm/.matplotlib
outputs/scanner_batch_effect_analysis_2026-09-17/12_manuscript_completion/10_slide_level_lmm/logs	.Trash/2026-09-26_paper_refactor/generated/outputs/scanner_batch_effect_analysis_2026-09-17/12_manuscript_completion/10_slide_level_lmm/logs
outputs/scanner_batch_effect_analysis_2026-09-17/12_manuscript_completion/05_plism_external_correction/logs	.Trash/2026-09-26_paper_refactor/generated/outputs/scanner_batch_effect_analysis_2026-09-17/12_manuscript_completion/05_plism_external_correction/logs
outputs/scanner_batch_effect_analysis_2026-09-17/12_manuscript_completion/03_tissue_interaction/logs	.Trash/2026-09-26_paper_refactor/generated/outputs/scanner_batch_effect_analysis_2026-09-17/12_manuscript_completion/03_tissue_interaction/logs
outputs/scanner_batch_effect_analysis_2026-09-17/12_manuscript_completion/04_frequency_mechanism/01_cross_spectral_recoverability/logs	.Trash/2026-09-26_paper_refactor/generated/outputs/scanner_batch_effect_analysis_2026-09-17/12_manuscript_completion/04_frequency_mechanism/01_cross_spectral_recoverability/logs
outputs/scanner_batch_effect_analysis_2026-09-17/12_manuscript_completion/02_baseline_benchmark/logs	.Trash/2026-09-26_paper_refactor/generated/outputs/scanner_batch_effect_analysis_2026-09-17/12_manuscript_completion/02_baseline_benchmark/logs
outputs/scanner_batch_effect_analysis_2026-09-17/12_manuscript_completion/02_baseline_benchmark/.mplconfig	.Trash/2026-09-26_paper_refactor/generated/outputs/scanner_batch_effect_analysis_2026-09-17/12_manuscript_completion/02_baseline_benchmark/.mplconfig
outputs/scanner_batch_effect_analysis_2026-09-17/12_manuscript_completion/02_baseline_benchmark/00_sentinel/stain/logs	.Trash/2026-09-26_paper_refactor/generated/outputs/scanner_batch_effect_analysis_2026-09-17/12_manuscript_completion/02_baseline_benchmark/00_sentinel/stain/logs
outputs/scanner_batch_effect_analysis_2026-09-17/12_manuscript_completion/02_baseline_benchmark/00_sentinel/stain/.mplconfig	.Trash/2026-09-26_paper_refactor/generated/outputs/scanner_batch_effect_analysis_2026-09-17/12_manuscript_completion/02_baseline_benchmark/00_sentinel/stain/.mplconfig
outputs/scanner_batch_effect_analysis_2026-09-17/12_manuscript_completion/02_baseline_benchmark/00_sentinel/stain_v2b/logs	.Trash/2026-09-26_paper_refactor/generated/outputs/scanner_batch_effect_analysis_2026-09-17/12_manuscript_completion/02_baseline_benchmark/00_sentinel/stain_v2b/logs
outputs/scanner_batch_effect_analysis_2026-09-17/12_manuscript_completion/02_baseline_benchmark/00_sentinel/stain_v2b/.mplconfig	.Trash/2026-09-26_paper_refactor/generated/outputs/scanner_batch_effect_analysis_2026-09-17/12_manuscript_completion/02_baseline_benchmark/00_sentinel/stain_v2b/.mplconfig
outputs/scanner_batch_effect_analysis_2026-09-17/12_manuscript_completion/02_baseline_benchmark/00_sentinel/stain_v2/logs	.Trash/2026-09-26_paper_refactor/generated/outputs/scanner_batch_effect_analysis_2026-09-17/12_manuscript_completion/02_baseline_benchmark/00_sentinel/stain_v2/logs
outputs/scanner_batch_effect_analysis_2026-09-17/12_manuscript_completion/02_baseline_benchmark/00_sentinel/stain_v2/.mplconfig	.Trash/2026-09-26_paper_refactor/generated/outputs/scanner_batch_effect_analysis_2026-09-17/12_manuscript_completion/02_baseline_benchmark/00_sentinel/stain_v2/.mplconfig
outputs/scanner_batch_effect_analysis_2026-09-17/12_manuscript_completion/06_plism_learned_external/logs	.Trash/2026-09-26_paper_refactor/generated/outputs/scanner_batch_effect_analysis_2026-09-17/12_manuscript_completion/06_plism_learned_external/logs
outputs/scanner_batch_effect_analysis_2026-09-17/12_manuscript_completion/06_plism_learned_external/.mplconfig	.Trash/2026-09-26_paper_refactor/generated/outputs/scanner_batch_effect_analysis_2026-09-17/12_manuscript_completion/06_plism_learned_external/.mplconfig
outputs/bandwise_crosspfm_2026-09-25/logs	.Trash/2026-09-26_paper_refactor/generated/outputs/bandwise_crosspfm_2026-09-25/logs
outputs/encoder_review_2026-09-25/logs	.Trash/2026-09-26_paper_refactor/generated/outputs/encoder_review_2026-09-25/logs
outputs/encoder_review_2026-09-25/.mplconfig	.Trash/2026-09-26_paper_refactor/generated/outputs/encoder_review_2026-09-25/.mplconfig
outputs/gan_encoder_review_2026-09-25/logs	.Trash/2026-09-26_paper_refactor/generated/outputs/gan_encoder_review_2026-09-25/logs
outputs/gan_encoder_review_2026-09-25/.mplconfig	.Trash/2026-09-26_paper_refactor/generated/outputs/gan_encoder_review_2026-09-25/.mplconfig
outputs/augmentation_ood_v1/.matplotlib	.Trash/2026-09-26_paper_refactor/generated/outputs/augmentation_ood_v1/.matplotlib
outputs/augmentation_ood_v1/logs	.Trash/2026-09-26_paper_refactor/generated/outputs/augmentation_ood_v1/logs
outputs/final_image_study_v1/.matplotlib	.Trash/2026-09-26_paper_refactor/generated/outputs/final_image_study_v1/.matplotlib
outputs/final_image_study_v1/logs	.Trash/2026-09-26_paper_refactor/generated/outputs/final_image_study_v1/logs
outputs/final_image_study_v1/90_report_assets_story/.matplotlib	.Trash/2026-09-26_paper_refactor/generated/outputs/final_image_study_v1/90_report_assets_story/.matplotlib
outputs/final_image_study_v1/90_report_assets_story/story_visuals_22626161.log	.Trash/2026-09-26_paper_refactor/generated/outputs/final_image_study_v1/90_report_assets_story/story_visuals_22626161.log
outputs/discussion_followup_2026-09-25/structure_ablation/.mplconfig	.Trash/2026-09-26_paper_refactor/generated/outputs/discussion_followup_2026-09-25/structure_ablation/.mplconfig
outputs/feature_crossencoder_review_2026-09-25/logs	.Trash/2026-09-26_paper_refactor/generated/outputs/feature_crossencoder_review_2026-09-25/logs
outputs/plism_factorial_external_v1/.matplotlib	.Trash/2026-09-26_paper_refactor/generated/outputs/plism_factorial_external_v1/.matplotlib
outputs/plism_factorial_external_v1/logs	.Trash/2026-09-26_paper_refactor/generated/outputs/plism_factorial_external_v1/logs
outputs/plism_gan_crossencoder_2026-09-25/logs	.Trash/2026-09-26_paper_refactor/generated/outputs/plism_gan_crossencoder_2026-09-25/logs
outputs/table4_color_frequency_crossencoder_2026-09-25/__pycache__	.Trash/2026-09-26_paper_refactor/generated/outputs/table4_color_frequency_crossencoder_2026-09-25/__pycache__
outputs/table4_color_frequency_crossencoder_2026-09-25/logs	.Trash/2026-09-26_paper_refactor/generated/outputs/table4_color_frequency_crossencoder_2026-09-25/logs
src/__pycache__	.Trash/2026-09-26_paper_refactor/generated/src/__pycache__
src/manuscript_completion/__pycache__	.Trash/2026-09-26_paper_refactor/generated/src/manuscript_completion/__pycache__
src/prenorm/__pycache__	.Trash/2026-09-26_paper_refactor/generated/src/prenorm/__pycache__
src/scanner_gan/__pycache__	.Trash/2026-09-26_paper_refactor/generated/src/scanner_gan/__pycache__
scripts/__pycache__	.Trash/2026-09-26_paper_refactor/generated/scripts/__pycache__
analysis/paper/__pycache__	.Trash/2026-09-26_paper_refactor/generated/analysis/paper/__pycache__
00_manuscript/.latex-out	.Trash/2026-09-26_paper_refactor/generated/00_manuscript/.latex-out
analysis/paper/results/manuscript_build/pannormal_scanner_batch_effects_ko.aux	.Trash/2026-09-26_paper_refactor/generated/analysis/paper/results/manuscript_build/pannormal_scanner_batch_effects_ko.aux
analysis/paper/results/manuscript_build/pannormal_scanner_batch_effects_ko.xdv	.Trash/2026-09-26_paper_refactor/generated/analysis/paper/results/manuscript_build/pannormal_scanner_batch_effects_ko.xdv
analysis/paper/results/manuscript_build/pannormal_scanner_batch_effects_ko.fls	.Trash/2026-09-26_paper_refactor/generated/analysis/paper/results/manuscript_build/pannormal_scanner_batch_effects_ko.fls
analysis/paper/results/manuscript_build/scanner_tissue_page10.png	.Trash/2026-09-26_paper_refactor/generated/analysis/paper/results/manuscript_build/scanner_tissue_page10.png
analysis/paper/results/manuscript_build/pannormal_scanner_batch_effects_ko_validation.abs	.Trash/2026-09-26_paper_refactor/generated/analysis/paper/results/manuscript_build/pannormal_scanner_batch_effects_ko_validation.abs
analysis/paper/results/manuscript_build/pannormal_scanner_batch_effects.blg	.Trash/2026-09-26_paper_refactor/generated/analysis/paper/results/manuscript_build/pannormal_scanner_batch_effects.blg
analysis/paper/results/manuscript_build/pannormal_scanner_batch_effects.xdv	.Trash/2026-09-26_paper_refactor/generated/analysis/paper/results/manuscript_build/pannormal_scanner_batch_effects.xdv
analysis/paper/results/manuscript_build/pannormal_scanner_batch_effects_ko_validation.fdb_latexmk	.Trash/2026-09-26_paper_refactor/generated/analysis/paper/results/manuscript_build/pannormal_scanner_batch_effects_ko_validation.fdb_latexmk
analysis/paper/results/manuscript_build/pannormal_scanner_batch_effects.bbl	.Trash/2026-09-26_paper_refactor/generated/analysis/paper/results/manuscript_build/pannormal_scanner_batch_effects.bbl
analysis/paper/results/manuscript_build/pannormal_scanner_batch_effects_ko_validation.xdv	.Trash/2026-09-26_paper_refactor/generated/analysis/paper/results/manuscript_build/pannormal_scanner_batch_effects_ko_validation.xdv
analysis/paper/results/manuscript_build/pannormal_scanner_batch_effects_ko.bbl	.Trash/2026-09-26_paper_refactor/generated/analysis/paper/results/manuscript_build/pannormal_scanner_batch_effects_ko.bbl
analysis/paper/results/manuscript_build/pannormal_scanner_batch_effects.abs	.Trash/2026-09-26_paper_refactor/generated/analysis/paper/results/manuscript_build/pannormal_scanner_batch_effects.abs
analysis/paper/results/manuscript_build/pannormal_scanner_batch_effects_ko.fdb_latexmk	.Trash/2026-09-26_paper_refactor/generated/analysis/paper/results/manuscript_build/pannormal_scanner_batch_effects_ko.fdb_latexmk
analysis/paper/results/manuscript_build/pannormal_scanner_batch_effects_ko_validation.tex	.Trash/2026-09-26_paper_refactor/generated/analysis/paper/results/manuscript_build/pannormal_scanner_batch_effects_ko_validation.tex
analysis/paper/results/manuscript_build/pannormal_scanner_batch_effects_ko_validation.aux	.Trash/2026-09-26_paper_refactor/generated/analysis/paper/results/manuscript_build/pannormal_scanner_batch_effects_ko_validation.aux
analysis/paper/results/manuscript_build/pannormal_scanner_batch_effects_ko_validation.fls	.Trash/2026-09-26_paper_refactor/generated/analysis/paper/results/manuscript_build/pannormal_scanner_batch_effects_ko_validation.fls
analysis/paper/results/manuscript_build/pannormal_scanner_batch_effects.fls	.Trash/2026-09-26_paper_refactor/generated/analysis/paper/results/manuscript_build/pannormal_scanner_batch_effects.fls
analysis/paper/results/manuscript_build/pannormal_scanner_batch_effects_ko.abs	.Trash/2026-09-26_paper_refactor/generated/analysis/paper/results/manuscript_build/pannormal_scanner_batch_effects_ko.abs
analysis/paper/results/manuscript_build/scanner_tissue_page9.png	.Trash/2026-09-26_paper_refactor/generated/analysis/paper/results/manuscript_build/scanner_tissue_page9.png
analysis/paper/results/manuscript_build/pannormal_scanner_batch_effects.aux	.Trash/2026-09-26_paper_refactor/generated/analysis/paper/results/manuscript_build/pannormal_scanner_batch_effects.aux
analysis/paper/results/manuscript_build/pannormal_scanner_batch_effects_ko.blg	.Trash/2026-09-26_paper_refactor/generated/analysis/paper/results/manuscript_build/pannormal_scanner_batch_effects_ko.blg
analysis/paper/results/manuscript_build/pannormal_scanner_batch_effects_ko_validation.pdf	.Trash/2026-09-26_paper_refactor/generated/analysis/paper/results/manuscript_build/pannormal_scanner_batch_effects_ko_validation.pdf
analysis/paper/results/manuscript_build/pannormal_scanner_batch_effects.fdb_latexmk	.Trash/2026-09-26_paper_refactor/generated/analysis/paper/results/manuscript_build/pannormal_scanner_batch_effects.fdb_latexmk
outputs/full_population_reanalysis_2026-09-25	.Trash/2026-09-26_paper_refactor/unused_analysis/outputs/full_population_reanalysis_2026-09-25
data/preprocessing_patch_extraction_matching_and_QC/_smoke	.Trash/2026-09-26_paper_refactor/generated/data/preprocessing_patch_extraction_matching_and_QC/_smoke
data/preprocessing_patch_extraction_matching_and_QC/logs	.Trash/2026-09-26_paper_refactor/generated/data/preprocessing_patch_extraction_matching_and_QC/logs
analysis/paper/results/figure_rebuild_staging	.Trash/2026-09-26_paper_refactor/generated/analysis/paper/results/figure_rebuild_staging
analysis/paper/evidence_hashes.json	.Trash/2026-09-26_paper_refactor/draft_evidence_hashes_before_lmm_inputs.json
scripts/pix2pix_overfit_sanity.sbatch	.Trash/2026-09-26_paper_refactor/unused_analysis/scripts/pix2pix_overfit_sanity.sbatch
src/scanner_gan/overfit.py	.Trash/2026-09-26_paper_refactor/unused_analysis/src/scanner_gan/overfit.py
outputs/scanner_batch_effect_analysis_2026-09-17/06_learned_baselines/08_overfit_sanity	.Trash/2026-09-26_paper_refactor/unused_analysis/outputs/scanner_batch_effect_analysis_2026-09-17/06_learned_baselines/08_overfit_sanity
scripts/review_scanner_gallery.py	.Trash/2026-09-26_paper_refactor/unused_analysis/scripts/review_scanner_gallery.py
scripts/review_scanner_gallery.sbatch	.Trash/2026-09-26_paper_refactor/unused_analysis/scripts/review_scanner_gallery.sbatch
outputs/encoder_review_2026-09-25/gallery	.Trash/2026-09-26_paper_refactor/unused_analysis/outputs/encoder_review_2026-09-25/gallery
analysis/paper/results/direct_slide_lmm/rebuild_direct_slide_contrasts.csv	.Trash/2026-09-26_paper_refactor/generated/analysis/paper/results/direct_slide_lmm/rebuild_direct_slide_contrasts.csv
analysis/paper/results/direct_slide_lmm/logs/prepare_23710104.log	.Trash/2026-09-26_paper_refactor/generated/analysis/paper/results/direct_slide_lmm/logs/prepare_23710104.log
analysis/paper/results/evidence_hashes_23710028.out	.Trash/2026-09-26_paper_refactor/generated/analysis/paper/results/evidence_hashes_23710028.out
analysis/paper/results/evidence_hashes_23710080.out	.Trash/2026-09-26_paper_refactor/generated/analysis/paper/results/evidence_hashes_23710080.out
analysis/paper/results/evidence_hashes_23710092.out	.Trash/2026-09-26_paper_refactor/generated/analysis/paper/results/evidence_hashes_23710092.out
analysis/paper/results/evidence_hashes_23710096.out	.Trash/2026-09-26_paper_refactor/generated/analysis/paper/results/evidence_hashes_23710096.out
scripts/__pycache__	.Trash/2026-09-26_paper_refactor/generated/scripts/__pycache__final_check
00_manuscript/.texlive	.Trash/2026-09-26_paper_refactor/generated/00_manuscript/.texlive
