previous_path	current_path	compatibility_alias
scripts/audit_paper_assets.py	scripts/checks/audit_paper_assets.py	false
scripts/audit_plism_factorial_external.py	scripts/checks/audit_plism_factorial_external.py	false
scripts/audit_sample_panel_consistency.py	scripts/checks/audit_sample_panel_consistency.py	false
scripts/audit_sample_panel_consistency.sbatch	scripts/checks/audit_sample_panel_consistency.sbatch	false
scripts/augmentation_ood_aggregate.sbatch	scripts/augmentation/augmentation_ood_aggregate.sbatch	false
scripts/augmentation_ood_extract.sbatch	scripts/augmentation/augmentation_ood_extract.sbatch	false
scripts/augmentation_ood_uni.sbatch	scripts/augmentation/augmentation_ood_uni.sbatch	false
scripts/augmentation_ood_uni_aggregate.sbatch	scripts/augmentation/augmentation_ood_uni_aggregate.sbatch	false
scripts/bandwise_uni_experiment.py	scripts/frequency/bandwise_uni_experiment.py	false
scripts/bandwise_uni_experiment.sbatch	scripts/frequency/bandwise_uni_experiment.sbatch	false
scripts/build_paper_artifact_index.py	scripts/checks/build_paper_artifact_index.py	false
scripts/check_paper_evidence_hashes.py	scripts/checks/check_paper_evidence_hashes.py	false
scripts/cyclegan_bidirectional_full_train_array.sbatch	scripts/translation/cyclegan_bidirectional_full_train_array.sbatch	false
scripts/cyclegan_bidirectional_identity_image_eval_array.sbatch	scripts/translation/cyclegan_bidirectional_identity_image_eval_array.sbatch	false
scripts/cyclegan_bidirectional_identity_predict_array.sbatch	scripts/translation/cyclegan_bidirectional_identity_predict_array.sbatch	false
scripts/cyclegan_bidirectional_identity_uni_eval_array.sbatch	scripts/translation/cyclegan_bidirectional_identity_uni_eval_array.sbatch	false
scripts/cyclegan_bidirectional_image_eval_array.sbatch	scripts/translation/cyclegan_bidirectional_image_eval_array.sbatch	false
scripts/cyclegan_bidirectional_plism_aggregate.sbatch	scripts/plism/cyclegan_bidirectional_plism_aggregate.sbatch	false
scripts/cyclegan_bidirectional_plism_evaluate_array.sbatch	scripts/plism/cyclegan_bidirectional_plism_evaluate_array.sbatch	false
scripts/cyclegan_bidirectional_plism_prepare.sbatch	scripts/plism/cyclegan_bidirectional_plism_prepare.sbatch	false
scripts/cyclegan_bidirectional_predict_array.sbatch	scripts/translation/cyclegan_bidirectional_predict_array.sbatch	false
scripts/cyclegan_bidirectional_summarize.sbatch	scripts/translation/cyclegan_bidirectional_summarize.sbatch	false
scripts/cyclegan_bidirectional_uni_eval_array.sbatch	scripts/translation/cyclegan_bidirectional_uni_eval_array.sbatch	false
scripts/feature_uni_v1_external.sbatch	scripts/features/feature_uni_v1_external.sbatch	false
scripts/feature_uni_v1_internal.sbatch	scripts/features/feature_uni_v1_internal.sbatch	false
scripts/final_image_study_aggregate.sbatch	scripts/augmentation/final_image_study_aggregate.sbatch	false
scripts/final_image_study_extract.sbatch	scripts/augmentation/final_image_study_extract.sbatch	false
scripts/manuscript_completion_frequency_aggregate.sbatch	scripts/frequency/manuscript_completion_frequency_aggregate.sbatch	true
scripts/manuscript_completion_frequency_calibration.sbatch	scripts/frequency/manuscript_completion_frequency_calibration.sbatch	false
scripts/manuscript_completion_frequency_uni.sbatch	scripts/frequency/manuscript_completion_frequency_uni.sbatch	true
scripts/manuscript_completion_panel_a_aggregate.sbatch	scripts/translation/manuscript_completion_panel_a_aggregate.sbatch	true
scripts/manuscript_completion_panel_a_cyclegan_train.sbatch	scripts/translation/manuscript_completion_panel_a_cyclegan_train.sbatch	true
scripts/manuscript_completion_panel_a_gan_image_eval.sbatch	scripts/translation/manuscript_completion_panel_a_gan_image_eval.sbatch	true
scripts/manuscript_completion_panel_a_gan_predict.sbatch	scripts/translation/manuscript_completion_panel_a_gan_predict.sbatch	true
scripts/manuscript_completion_panel_a_gan_uni_eval.sbatch	scripts/translation/manuscript_completion_panel_a_gan_uni_eval.sbatch	true
scripts/manuscript_completion_panel_a_pix2pix_train.sbatch	scripts/translation/manuscript_completion_panel_a_pix2pix_train.sbatch	true
scripts/manuscript_completion_panel_a_stain_aggregate.sbatch	scripts/translation/manuscript_completion_panel_a_stain_aggregate.sbatch	true
scripts/manuscript_completion_panel_a_stain_evaluate.sbatch	scripts/translation/manuscript_completion_panel_a_stain_evaluate.sbatch	true
scripts/manuscript_completion_panel_a_stain_locked_source_audit.sbatch	scripts/translation/manuscript_completion_panel_a_stain_locked_source_audit.sbatch	true
scripts/manuscript_completion_panel_a_stain_reference.sbatch	scripts/translation/manuscript_completion_panel_a_stain_reference.sbatch	true
scripts/manuscript_completion_panel_a_stain_survey.sbatch	scripts/translation/manuscript_completion_panel_a_stain_survey.sbatch	true
scripts/manuscript_completion_panel_a_stain_uni.sbatch	scripts/translation/manuscript_completion_panel_a_stain_uni.sbatch	true
scripts/manuscript_completion_panel_a_stain_uni_aggregate.sbatch	scripts/translation/manuscript_completion_panel_a_stain_uni_aggregate.sbatch	true
scripts/manuscript_completion_pfm_run.sbatch	scripts/preprocessing/manuscript_completion_pfm_run.sbatch	false
scripts/manuscript_completion_plism_aggregate.sbatch	scripts/plism/manuscript_completion_plism_aggregate.sbatch	true
scripts/manuscript_completion_plism_external_image.sbatch	scripts/plism/manuscript_completion_plism_external_image.sbatch	true
scripts/manuscript_completion_plism_external_uni.sbatch	scripts/plism/manuscript_completion_plism_external_uni.sbatch	true
scripts/manuscript_completion_plism_fit_parameters.sbatch	scripts/plism/manuscript_completion_plism_fit_parameters.sbatch	true
scripts/manuscript_completion_plism_internal_image.sbatch	scripts/plism/manuscript_completion_plism_internal_image.sbatch	true
scripts/manuscript_completion_plism_learned_aggregate.sbatch	scripts/plism/manuscript_completion_plism_learned_aggregate.sbatch	false
scripts/manuscript_completion_plism_learned_evaluate.sbatch	scripts/plism/manuscript_completion_plism_learned_evaluate.sbatch	false
scripts/manuscript_completion_plism_learned_prepare.sbatch	scripts/plism/manuscript_completion_plism_learned_prepare.sbatch	false
scripts/manuscript_completion_plism_prepare.sbatch	scripts/plism/manuscript_completion_plism_prepare.sbatch	true
scripts/manuscript_completion_plism_render.sbatch	scripts/plism/manuscript_completion_plism_render.sbatch	true
scripts/pix2pix_bidirectional_full_train_array.sbatch	scripts/translation/pix2pix_bidirectional_full_train_array.sbatch	false
scripts/pix2pix_bidirectional_identity_image_eval_array.sbatch	scripts/translation/pix2pix_bidirectional_identity_image_eval_array.sbatch	false
scripts/pix2pix_bidirectional_identity_predict_array.sbatch	scripts/translation/pix2pix_bidirectional_identity_predict_array.sbatch	false
scripts/pix2pix_bidirectional_identity_uni_eval_array.sbatch	scripts/translation/pix2pix_bidirectional_identity_uni_eval_array.sbatch	false
scripts/pix2pix_bidirectional_image_eval_array.sbatch	scripts/translation/pix2pix_bidirectional_image_eval_array.sbatch	false
scripts/pix2pix_bidirectional_plism_SUBMISSION_ORDER.md	scripts/plism/pix2pix_bidirectional_plism_SUBMISSION_ORDER.md	false
scripts/pix2pix_bidirectional_plism_aggregate.sbatch	scripts/plism/pix2pix_bidirectional_plism_aggregate.sbatch	false
scripts/pix2pix_bidirectional_plism_evaluate_array.sbatch	scripts/plism/pix2pix_bidirectional_plism_evaluate_array.sbatch	false
scripts/pix2pix_bidirectional_plism_prepare.sbatch	scripts/plism/pix2pix_bidirectional_plism_prepare.sbatch	false
scripts/pix2pix_bidirectional_predict_array.sbatch	scripts/translation/pix2pix_bidirectional_predict_array.sbatch	false
scripts/pix2pix_bidirectional_summarize.sbatch	scripts/translation/pix2pix_bidirectional_summarize.sbatch	false
scripts/pix2pix_bidirectional_uni_eval_array.sbatch	scripts/translation/pix2pix_bidirectional_uni_eval_array.sbatch	false
scripts/plism_factorial_aggregate.sbatch	scripts/plism/plism_factorial_aggregate.sbatch	false
scripts/plism_factorial_extract.sbatch	scripts/plism/plism_factorial_extract.sbatch	false
scripts/plism_factorial_prepare.sbatch	scripts/plism/plism_factorial_prepare.sbatch	false
scripts/plot_bandwise_uni.py	scripts/frequency/plot_bandwise_uni.py	false
scripts/preprocessing_patch_extraction_matching_and_QC.sbatch	scripts/preprocessing/preprocessing_patch_extraction_matching_and_QC.sbatch	false
scripts/preprocessing_patch_extraction_matching_and_QC_aggregate.sbatch	scripts/preprocessing/preprocessing_patch_extraction_matching_and_QC_aggregate.sbatch	false
scripts/review_bandwise_crosspfm.py	scripts/frequency/review_bandwise_crosspfm.py	false
scripts/review_bandwise_crosspfm.sbatch	scripts/frequency/review_bandwise_crosspfm.sbatch	false
scripts/review_bandwise_crosspfm_aggregate.py	scripts/frequency/review_bandwise_crosspfm_aggregate.py	false
scripts/review_bandwise_crosspfm_aggregate.sbatch	scripts/frequency/review_bandwise_crosspfm_aggregate.sbatch	false
scripts/review_feature_crossencoder_aggregate.py	scripts/features/review_feature_crossencoder_aggregate.py	false
scripts/review_feature_crossencoder_extract.py	scripts/features/review_feature_crossencoder_extract.py	false
scripts/review_feature_crossencoder_extract.sbatch	scripts/features/review_feature_crossencoder_extract.sbatch	false
scripts/review_feature_crossencoder_fit.py	scripts/features/review_feature_crossencoder_fit.py	false
scripts/review_feature_crossencoder_fit.sbatch	scripts/features/review_feature_crossencoder_fit.sbatch	false
scripts/review_gan_crossencoder.py	scripts/features/review_gan_crossencoder.py	false
scripts/review_gan_crossencoder.sbatch	scripts/features/review_gan_crossencoder.sbatch	false
scripts/review_gan_crossencoder_aggregate.py	scripts/features/review_gan_crossencoder_aggregate.py	false
scripts/review_gan_crossencoder_aggregate.sbatch	scripts/features/review_gan_crossencoder_aggregate.sbatch	false
scripts/review_gan_prediction_audit.py	scripts/features/review_gan_prediction_audit.py	false
scripts/review_gan_prediction_audit.sbatch	scripts/features/review_gan_prediction_audit.sbatch	false
scripts/review_hoptimus_download.sbatch	scripts/features/review_hoptimus_download.sbatch	false
scripts/review_multiencoder_scanner.py	scripts/features/review_multiencoder_scanner.py	false
scripts/scanner_batch_aggregate.sbatch	scripts/preprocessing/scanner_batch_aggregate.sbatch	false
scripts/scanner_batch_extract.sbatch	scripts/preprocessing/scanner_batch_extract.sbatch	false
scripts/scanner_batch_fit_aggregate.sbatch	scripts/preprocessing/scanner_batch_fit_aggregate.sbatch	false
scripts/scanner_batch_fit_slide.sbatch	scripts/preprocessing/scanner_batch_fit_slide.sbatch	false
scripts/scanner_batch_prepare.sbatch	scripts/preprocessing/scanner_batch_prepare.sbatch	false
scripts/scanner_batch_uni.sbatch	scripts/preprocessing/scanner_batch_uni.sbatch	false
scripts/scanner_batch_uni_aggregate.sbatch	scripts/preprocessing/scanner_batch_uni_aggregate.sbatch	false
scripts/test_paper.sbatch	scripts/checks/test_paper.sbatch	false
scripts/verify_paper_figures.py	scripts/checks/verify_paper_figures.py	false
