dataset,method,target_ssim_mean,target_ssim_std,lpips_vgg_mean,lpips_vgg_std,uni_distance_mean,uni_distance_std,n_physical_units,n_scanners,method_class,target_ssim_improvement_pct,lpips_vgg_improvement_pct,uni_distance_improvement_pct
PanNormal,raw,0.5723401043490985,0.0744166646486872,0.2320334565047572,0.0263664074858836,0.2136490531106597,0.0364668896953862,103,5,Baseline,0.0,0.0,0.0
PanNormal,reinhard,0.6204481579002905,0.071185357704697,0.2023300949258252,0.0252001440823292,0.1797829778767326,0.0333923505095489,103,5,Statistical colour transfer,8.405501062327879,12.8013270268734,15.851263902576754
PanNormal,macenko,0.5523606594823562,0.08686332363892,0.2435000349006796,0.0409554861607913,0.34027451151132,0.0727628324474905,103,5,Stain normalization,-3.4908343334535665,-4.941778038671446,-59.26797079464451
PanNormal,vahadane,0.5552330954250753,0.0924053497919611,0.2389964098413592,0.0500905641300288,0.3152172588329147,0.0841318003223805,103,5,Stain normalization,-2.988958626877712,-3.000840241527499,-47.5397406370192
PanNormal,frequency,0.5966549003027881,0.0711597513625407,0.2183009764979611,0.0256967380767147,0.2049171814640749,0.0342872323449836,103,5,Radial frequency-response correction,4.248312457737328,5.918318941438758,4.087016309902452
PanNormal,combined,0.6264684582604877,0.0689509660783987,0.1921260048782524,0.024386559033106,0.1793814486785999,0.0315899163398098,103,5,Colour + radial frequency-response correction,9.45737569324228,17.19900751712787,16.03920257690578
PanNormal,pix2pix,0.6819626595666171,0.056223753437479,0.2182430611463106,0.026691264458033,0.2716454761345368,0.059344316069202,103,5,Paired neural translation,19.15339400201358,5.943278855635136,-27.145649456184493
PanNormal,cyclegan,0.657697517520301,0.0510704515951514,0.2063832463262136,0.0246053117441014,0.2019502053406676,0.045548982410121,103,5,Unpaired neural translation,14.913757138908926,11.054530913311533,5.475731158018565
PLISM,raw,0.781029117963157,0.04164061754914652,0.1608326694814443,0.020624376015175618,0.17131135726515545,0.021458905037933258,13,3,Baseline,0.0,0.0,0.0
PLISM,reinhard,0.8165856612239929,0.03919750902433679,0.15315101873607148,0.023293762954972378,0.17543700444505017,0.023286739873029504,13,3,Statistical colour transfer,4.552524668166494,4.776175617889053,-2.4082741773559415
PLISM,macenko,0.7748203319678567,0.05745622751917994,0.18342413035062183,0.031185461657344028,0.30732347719223957,0.05720127965357209,13,3,Stain normalization,-0.7949493626424776,-14.046562145624245,-79.39468935300347
PLISM,vahadane,0.6950604618035692,0.07908993720670142,0.25069466831670384,0.0686251918032662,0.41502801478458134,0.13123629076339077,13,3,Stain normalization,-11.00710001488615,-55.8729760097821,-142.26532403347994
PLISM,frequency,0.7664172806764253,0.04111344264528605,0.16416493277839278,0.02034442510892323,0.1894794886694897,0.021891148350152816,13,3,Radial frequency-response correction,-1.8708441146007222,-2.071882104358729,-10.60532803800838
PLISM,combined,0.8090442282114225,0.03893373124777932,0.15583476943323177,0.022457779250454554,0.1824291343911811,0.022929570493716713,13,3,Colour + radial frequency-response correction,3.586948246094337,3.1075154471580575,-6.489807391355601
PLISM,pix2pix,0.6987889549105986,0.0322821256527841,0.24539716792902513,0.017206287249055003,0.25364468639172444,0.024015217155616,13,3,Paired neural translation,-10.529717927422766,-52.57917978992275,-48.060636749922885
PLISM,cyclegan,0.7599201698119861,0.043877732348077604,0.23434641089572836,0.027451800176510843,0.28811531773855664,0.05945003569399061,13,3,Unpaired neural translation,-2.7027094977228088,-45.70821441396614,-68.18226318329391
