dataset,method,target_ssim_mean,target_ssim_std,lpips_vgg_mean,lpips_vgg_std,uni_distance_mean,uni_distance_std,n_physical_units,n_scanners,method_class,target_ssim_improvement_pct,lpips_vgg_improvement_pct,uni_distance_improvement_pct,target_ssim_rank,lpips_vgg_rank,uni_distance_rank,average_rank
PanNormal,raw,0.5723401043490985,0.0744166646486872,0.2320334565047572,0.0263664074858836,0.2136490531106597,0.0364668896953862,103,5,Baseline,0.0,0.0,0.0,4.0,4.0,3.0,3.6666666666666665
PanNormal,reinhard,0.6204481579002905,0.071185357704697,0.2023300949258252,0.0252001440823292,0.1797829778767326,0.0333923505095489,103,5,Stain Norm,8.405501062327879,12.8013270268734,15.851263902576754,3.0,1.0,1.0,1.6666666666666667
PanNormal,macenko,0.5523606594823562,0.08686332363892,0.2435000349006796,0.0409554861607913,0.34027451151132,0.0727628324474905,103,5,Stain Norm,-3.4908343334535665,-4.941778038671446,-59.26797079464451,6.0,6.0,6.0,6.0
PanNormal,vahadane,0.5552330954250753,0.0924053497919611,0.2389964098413592,0.0500905641300288,0.3152172588329147,0.0841318003223805,103,5,Stain Norm,-2.988958626877712,-3.000840241527499,-47.5397406370192,5.0,5.0,5.0,5.0
PanNormal,pix2pix,0.6819626595666171,0.056223753437479,0.2182430611463106,0.026691264458033,0.2716454761345368,0.059344316069202,103,5,Style Transfer,19.15339400201358,5.943278855635136,-27.145649456184493,1.0,3.0,4.0,2.6666666666666665
PanNormal,cyclegan,0.657697517520301,0.0510704515951514,0.2063832463262136,0.0246053117441014,0.2019502053406676,0.045548982410121,103,5,Style Transfer,14.913757138908926,11.054530913311533,5.475731158018565,2.0,2.0,2.0,2.0
PLISM,raw,0.781029117963157,0.04164061754914652,0.1608326694814443,0.020624376015175618,0.17131135726515545,0.021458905037933258,13,3,Baseline,0.0,0.0,0.0,2.0,2.0,1.0,1.6666666666666667
PLISM,reinhard,0.8165856612239929,0.03919750902433679,0.15315101873607148,0.023293762954972378,0.17543700444505017,0.023286739873029504,13,3,Stain Norm,4.552524668166494,4.776175617889053,-2.4082741773559415,1.0,1.0,2.0,1.3333333333333333
PLISM,macenko,0.7748203319678567,0.05745622751917994,0.18342413035062183,0.031185461657344028,0.30732347719223957,0.05720127965357209,13,3,Stain Norm,-0.7949493626424776,-14.046562145624245,-79.39468935300347,3.0,3.0,5.0,3.6666666666666665
PLISM,vahadane,0.6950604618035692,0.07908993720670142,0.25069466831670384,0.0686251918032662,0.41502801478458134,0.13123629076339077,13,3,Stain Norm,-11.00710001488615,-55.8729760097821,-142.26532403347994,6.0,6.0,6.0,6.0
PLISM,pix2pix,0.6987889549105986,0.0322821256527841,0.24539716792902513,0.017206287249055003,0.25364468639172444,0.024015217155616,13,3,Style Transfer,-10.529717927422766,-52.57917978992275,-48.060636749922885,5.0,5.0,3.0,4.333333333333333
PLISM,cyclegan,0.7599201698119861,0.043877732348077604,0.23434641089572836,0.027451800176510843,0.28811531773855664,0.05945003569399061,13,3,Style Transfer,-2.7027094977228088,-45.70821441396614,-68.18226318329391,4.0,4.0,4.0,4.0
