dataset,scanner,method,target_ssim_mean,target_ssim_std,lpips_vgg_mean,lpips_vgg_std,uni_distance_mean,uni_distance_std,n_physical_units,method_class,target_ssim_improvement_pct,lpips_vgg_improvement_pct,uni_distance_improvement_pct
PanNormal,AKOYA,raw,0.474654520874943,0.112256525257786,0.3229598666601941,0.0527265270155388,0.3451828751025848,0.0728424954114723,103,Baseline,0.0,0.0,0.0
PanNormal,AKOYA,reinhard,0.5871407472610763,0.1026694266456572,0.2270657198296116,0.052482321723031,0.2126450923316687,0.071305524532967,103,Statistical colour transfer,23.69854735161577,29.692279669993365,38.396395745741216
PanNormal,AKOYA,macenko,0.4792739962746288,0.1173914303534365,0.2852908642281553,0.0567789449049816,0.4262330807239107,0.0949385039223289,103,Stain normalization,0.9732289900390224,11.663679088545283,-23.48036692064709
PanNormal,AKOYA,vahadane,0.4849412171365662,0.1284577226092607,0.285721968684466,0.0641870138106222,0.381883409760386,0.0813598991918049,103,Stain normalization,2.1671965206739032,11.530193630810606,-10.632200292929998
PanNormal,AKOYA,frequency,0.625209305271888,0.0940824989296181,0.2569220610490291,0.0507180817689998,0.2807653093511618,0.0553069302722824,103,Radial frequency-response correction,31.71881395323559,20.44768171787965,18.66186604195783
PanNormal,AKOYA,combined,0.6313554387537436,0.0862079679676023,0.1806913418509708,0.0474817146766079,0.1959223795718359,0.0588575262610697,103,Colour + radial frequency-response correction,33.01367857825301,44.05145638696734,43.24099087661581
PanNormal,AKOYA,pix2pix,0.8314714785807568,0.0635190993175571,0.1368417049417475,0.048488364754752,0.2755509993284017,0.0856600807457194,103,Paired neural translation,75.1740354327783,57.62888238812437,20.172459526993983
PanNormal,AKOYA,cyclegan,0.8381290153669178,0.0587434478918281,0.1220100038975728,0.0377412559419597,0.150396221019951,0.0524559672938418,103,Unpaired neural translation,76.57664227488505,62.22131091416785,56.42998773468851
PanNormal,GT450,raw,0.652784762290607,0.0647146433548613,0.2151147959247572,0.0295389544310062,0.1911793236014912,0.0352263643581415,103,Baseline,0.0,0.0,0.0
PanNormal,GT450,reinhard,0.7553943164103214,0.0651696252655212,0.1879992744349514,0.0307655421257573,0.1899408786620908,0.0346851151357763,103,Statistical colour transfer,15.718742232839473,12.60514014075083,0.6477923010031696
PanNormal,GT450,macenko,0.7066053297989059,0.0844237394790756,0.2144620188009708,0.0463281753772518,0.2618253838017727,0.083787644557597,103,Stain normalization,8.244764678550972,0.3034552416444283,-36.9527723340739
PanNormal,GT450,vahadane,0.7117302340048595,0.0882733203611497,0.2075440292815534,0.0514662410731165,0.2545507783775479,0.0934757878348311,103,Stain normalization,9.029847986557488,3.519407677495116,-33.14765089772626
PanNormal,GT450,frequency,0.6120860965352718,0.0698116690734285,0.2250121578252427,0.0274555602719862,0.2144612362083879,0.0418502773432997,103,Radial frequency-response correction,-6.234622513632902,-4.600967524310764,-12.178049471200808
PanNormal,GT450,combined,0.7325178341248404,0.0695593198385898,0.1935186364043689,0.0293628558451895,0.2052113411785329,0.0396566460315114,103,Colour + radial frequency-response correction,12.214297336606302,10.03936499465255,-7.339715044860749
PanNormal,GT450,pix2pix,0.6926901868565033,0.072576390043497,0.2198956718572815,0.032335359211159,0.2337368042680913,0.0648171125500444,103,Paired neural translation,6.113106014587268,-2.222476567440076,-22.26050383738677
PanNormal,GT450,cyclegan,0.7298809964561922,0.0646384844677029,0.2079872338868932,0.0343480137455726,0.1717331195786146,0.0630031607270045,103,Unpaired neural translation,11.81036056893489,3.3133760080162613,10.17170876878495
PanNormal,S360,raw,0.743854814843188,0.1163648785463887,0.1668004495737864,0.0473320729789832,0.1623129987745609,0.0475997558353805,103,Baseline,0.0,0.0,0.0
PanNormal,S360,reinhard,0.7397223144107296,0.1121549196399884,0.1519706423708738,0.0465543443711826,0.1396841901743296,0.0420613443060443,103,Statistical colour transfer,-0.5555520176782978,8.89074774127179,13.94146419022226
PanNormal,S360,macenko,0.6620784492947643,0.1176676756454216,0.198904277807767,0.0515759374461752,0.3643468687111891,0.0742814623126583,103,Stain normalization,-10.993592286643056,-19.24684754508354,-124.47177457255673
PanNormal,S360,vahadane,0.675334553054976,0.1311287564677742,0.1922637308694174,0.0615468907972132,0.3247689092477548,0.0958259222382542,103,Stain normalization,-9.2115101523752,-15.265715026965234,-100.08804698312024
PanNormal,S360,frequency,0.7547538313387854,0.1133639228067397,0.1565198920063106,0.0468241954122286,0.1612886309189703,0.0471166750107625,103,Radial frequency-response correction,1.4652074945424591,6.163387205337229,0.631106481504497
PanNormal,S360,combined,0.7470455235574635,0.108798535978601,0.1443478689694174,0.0458155320684317,0.1405023713135025,0.0422056064314564,103,Colour + radial frequency-response correction,0.4289424025504272,13.460743458270308,13.437388025435697
PanNormal,S360,pix2pix,0.7438380895444993,0.1062812299956453,0.1748154322203883,0.0418258416126691,0.1888008898443942,0.0607884087190583,103,Paired neural translation,-0.002248462785351,-4.805132520375154,-16.31902020775475
PanNormal,S360,cyclegan,0.7088204874078594,0.0986641873761208,0.2194562414101941,0.0407352223605657,0.2833714975895973,0.0653175048478839,103,Unpaired neural translation,-4.709834061195695,-31.568135440255386,-74.5833665381147
PanNormal,S60,raw,0.6977706978528881,0.0963420593937538,0.185973828161165,0.0410061775878217,0.2164776704554418,0.0531945427442829,103,Baseline,0.0,0.0,0.0
PanNormal,S60,reinhard,0.7211209549969565,0.0928080627241673,0.180904326857767,0.0399137732463014,0.2096401892096093,0.0520862911851929,103,Statistical colour transfer,3.3464083854365745,2.7259218963890053,3.158515717324238
PanNormal,S60,macenko,0.654245569343496,0.1229735502261711,0.2110137193412621,0.056730431800857,0.3425145639920408,0.0897359939810559,103,Stain normalization,-6.237740943167067,-13.464201617873616,-58.22166012385165
PanNormal,S60,vahadane,0.6464469991857476,0.125387590078147,0.2091620610898058,0.0654093515841215,0.3325772460152223,0.0917813437944805,103,Stain normalization,-7.355381764391779,-12.468546331447154,-53.631201460881165
PanNormal,S60,frequency,0.6994344425722016,0.0959833914343219,0.1851238163325242,0.0408645690000684,0.2166341343116991,0.0530768306309947,103,Radial frequency-response correction,0.2384371720441861,0.4570599191538703,-0.0722771341395767
PanNormal,S60,combined,0.7228157117583422,0.0924478877068731,0.1798568508606796,0.0398309061523312,0.2097642575797525,0.0519722127215524,103,Colour + radial frequency-response correction,3.5892900035097743,3.2891602872122743,3.101203399669421
PanNormal,S60,pix2pix,0.700254883593341,0.0889332960393642,0.2119165094451456,0.0422117687901655,0.2380381039334013,0.0792096304748854,103,Paired neural translation,0.3560174922932321,-13.949640947057688,-9.9596570087802
PanNormal,S60,cyclegan,0.7287920334919975,0.0863890945661586,0.1924139333150485,0.0428954858895912,0.1893582846656921,0.0759986787795569,103,Unpaired neural translation,4.445777923115027,-3.462909387606137,12.527567269498926
PanNormal,VERSA,raw,0.2926357258838663,0.0914864939991954,0.2693183422038835,0.0221723186941967,0.1530923976192196,0.0411568845878847,103,Baseline,0.0,0.0,0.0
PanNormal,VERSA,reinhard,0.2988624564223687,0.0921810187855501,0.2637105111359223,0.0208131369654458,0.1470045390059647,0.0385590325161434,103,Statistical colour transfer,2.1278094189270216,2.08223139280867,3.9765910704442855
PanNormal,VERSA,macenko,0.2595999526999861,0.0806413710649447,0.3078292943252427,0.0348927443333978,0.3064526603276868,0.076451203599812,103,Stain normalization,-11.28904308730596,-14.299416744591827,-100.17496955656404
PanNormal,VERSA,vahadane,0.2577124737432267,0.0807895429115165,0.3002902592815534,0.0441741324238966,0.2823059507636625,0.0936176277595834,103,Stain normalization,-11.934035748765345,-11.500114260403048,-84.40233163362583
PanNormal,VERSA,frequency,0.2917908257957941,0.0911781554517649,0.267926955276699,0.0224355767758142,0.151436596530155,0.0413607180678766,103,Radial frequency-response correction,-0.2887207587249806,0.5166328129746028,1.08156976754847
PanNormal,VERSA,combined,0.2986077831080488,0.0919270718534135,0.2622153263058252,0.0209997263244806,0.1455068937493759,0.0382805146327462,103,Colour + radial frequency-response correction,2.040782001631808,2.637405176317716,4.954853400827126
PanNormal,VERSA,pix2pix,0.4415586592579851,0.1230021629316856,0.3477459872669903,0.0421648613424502,0.4221005832983956,0.1178037595944285,103,Paired neural translation,50.89020929495787,-29.120796014604267,-175.71622749567803
PanNormal,VERSA,cyclegan,0.2828650548785379,0.0713100808534107,0.2900488191213592,0.0297135177710437,0.2148919038494831,0.0719544009305089,103,Unpaired neural translation,-3.3388510496513635,-7.697387689168975,-40.36745598822933
PLISM,GT450,raw,0.732268212867644,0.0368639494714884,0.16211862283128947,0.010783125978371968,0.17610975575669827,0.019339324729630843,13,Baseline,0.0,0.0,0.0
PLISM,GT450,reinhard,0.8445704900401049,0.017985273348311386,0.14209387058653475,0.027020004538704758,0.18280176437962653,0.019625159608946903,13,Statistical colour transfer,15.336221783091284,12.351913614263614,-3.7999079574975423
PLISM,GT450,macenko,0.8074916362962494,0.03650508779322245,0.16243273170246747,0.029407628677094035,0.29921712259452804,0.07258463285838518,13,Stain normalization,10.27265994983206,-0.19375249165845623,-69.90377467101077
PLISM,GT450,vahadane,0.7252855654349866,0.08682457232378364,0.22777831681445557,0.06952316698214303,0.3945637550512077,0.13527706543301077,13,Stain normalization,-0.9535641872685682,-40.50101884439,-124.04423500326196
PLISM,GT450,frequency,0.6882999718239002,0.026216433663871445,0.17050250142021367,0.010712678276006892,0.2236424293937477,0.017375268979443685,13,Radial frequency-response correction,-6.004390231764835,-5.171446958101152,-26.990369405041633
PLISM,GT450,combined,0.8260159563387676,0.013285897057058087,0.14613316847820698,0.02574925679837707,0.19515433443215532,0.021499615567215427,13,Colour + radial frequency-response correction,12.802377847864918,9.860344279952297,-10.814039570736673
PLISM,GT450,pix2pix,0.7401334817973436,0.018835145309665784,0.2149881674061297,0.016379620641229522,0.2261024382810827,0.025170131856737454,13,Paired neural translation,1.0740967300626585,-32.61164180370536,-28.387230627615576
PLISM,GT450,cyclegan,0.8206004516353141,0.032553621882659894,0.1761653464187161,0.03219298518855644,0.23658239001803924,0.06729102007007813,13,Unpaired neural translation,12.062825780973238,-8.664472558494712,-34.3380376637885
PLISM,S360,raw,0.8700658941995804,0.009658344022138214,0.12952760418141954,0.012684671309640978,0.14766114907364364,0.014243993673485989,13,Baseline,0.0,0.0,0.0
PLISM,S360,reinhard,0.8550710435533335,0.012321068306746608,0.12277961636580827,0.012387432304853053,0.15323843992936828,0.011871351876970299,13,Statistical colour transfer,-1.7234155190097864,5.2096909058549965,-3.777087535017798
PLISM,S360,macenko,0.8129096533130108,0.05859648548604275,0.16377637801517095,0.0326907465767391,0.2793387852977239,0.060611331734953054,13,Stain normalization,-6.569185307412908,-26.441293383132244,-89.17554620843978
PLISM,S360,vahadane,0.7277879243047398,0.08832965620613877,0.22996162580912302,0.07434484797580627,0.4003782778638146,0.15636479725627608,13,Stain normalization,-16.35255109335478,-77.53870092975173,-171.14666273125934
PLISM,S360,frequency,0.8693218196183762,0.010439351172020907,0.13184244865646416,0.01178757659901099,0.15320878799516352,0.014662987088331754,13,Radial frequency-response correction,-0.08551933665767843,-1.7871437441260762,-3.757006468067701
PLISM,S360,combined,0.8499324514849539,0.012415529549777628,0.12761261588186548,0.010821232363197443,0.16049014808712933,0.012431436923588156,13,Colour + radial frequency-response correction,-2.314013553323831,1.478440299777239,-8.688134349467532
PLISM,S360,pix2pix,0.7253151042302766,0.04979069022033746,0.23934029823379785,0.035115748555294764,0.28025596095556743,0.042971075824708306,13,Paired neural translation,-16.63676175957543,-84.77937559824852,-89.79668160092282
PLISM,S360,cyclegan,0.7471540114536713,0.047594237352589,0.2676501486180602,0.02792010924708173,0.33901765609132833,0.06646687255935693,13,Unpaired neural translation,-14.126732649253212,-106.63560505850384,-129.59164155105464
PLISM,S60,raw,0.740753246822247,0.11852698262571386,0.19085178143162393,0.060065909077510304,0.19016316696512447,0.06519519181597329,13,Baseline,0.0,0.0,0.0
PLISM,S60,reinhard,0.7501154500785402,0.1107086047015316,0.19457956925587142,0.056539289928603347,0.19027080902615573,0.06184772205199257,13,Statistical colour transfer,1.2638761013139104,-1.9532371122158128,-0.056605105367747606
PLISM,S60,macenko,0.70405970629431,0.12011907674396079,0.22406328133422704,0.055846375088291295,0.3434145236844668,0.06081087025964899,13,Stain normalization,-4.953544339541993,-17.401723815976915,-80.58940075784933
PLISM,S60,vahadane,0.6321078956709809,0.11409685361912393,0.2943440623265329,0.07406978647612254,0.4501420114387216,0.1102661821104572,13,Stain normalization,-14.666874781493448,-54.22652076841468,-136.7135647889566
PLISM,S60,frequency,0.7416300505869995,0.11806372854784906,0.19014984825850056,0.059178272668821724,0.1915872486195578,0.0646639784587483,13,Radial frequency-response correction,0.11836650983494382,0.36778968886640695,-0.7488735474701619
PLISM,S60,combined,0.7511842768105461,0.11013504818513216,0.1937585239396228,0.0557200514773263,0.19164292065425864,0.06114235785347855,13,Colour + radial frequency-response correction,1.4081652740703008,-1.52303661312183,-0.7781494769728727
PLISM,S60,pix2pix,0.6309182787041757,0.07148921462799657,0.2818630381471479,0.027138875655095054,0.2545756599385231,0.04482389847333273,13,Paired neural translation,-14.827470360643256,-47.68687828472296,-33.87222352329236
PLISM,S60,cyclegan,0.7120060463469726,0.09789051157585406,0.2592237376504088,0.039362441266086616,0.28874590710630244,0.05798600377618102,13,Unpaired neural translation,-3.8808065436900607,-35.82463611600101,-51.84113291469206
