model,statistic,direction,mean,ci_low,ci_high,undefined_resamples
init_e000,shift_low_mid_d0.25,versa,-2.838316412588968e-09,-6.315254087135053e-09,9.93410819742701e-10,0
init_e000,shift_low_mid_d0.25,akoya,-2.696400705889549e-09,-6.244296313219158e-09,9.224527916650346e-10,0
init_e000,shift_low_mid_d0.25,gt450,-4.825137913560831e-09,-8.656865037117077e-09,-1.1353265733622597e-09,0
init_e000,shift_low_mid_d0.25,s360,-3.6898113083457438e-09,-6.953875164055001e-09,-4.967053275298096e-10,0
init_e000,shift_low_mid_d0.25,s60,-1.7739477558855637e-09,-4.754180007739866e-09,1.3499742904231572e-09,0
init_e000,shift_low_mid_d0.25,all,-3.1647228192541308e-09,-4.697768505339327e-09,-1.6458687646896733e-09,0
init_e000,shift_mid_d0.25,versa,-4.1155587562241315e-09,-6.953875227364147e-09,-9.224528229891842e-10,0
init_e000,shift_mid_d0.25,akoya,-4.754179954475595e-09,-9.224528275886797e-09,-7.095790884764377e-10,0
init_e000,shift_mid_d0.25,gt450,-5.818548648186433e-09,-9.935881463749151e-09,-1.5610740471458517e-09,0
init_e000,shift_mid_d0.25,s360,4.967053435223079e-10,-2.5562588541948116e-09,3.6188534027891182e-09,0
init_e000,shift_mid_d0.25,s60,-1.6320319910316055e-09,-5.108969644430586e-09,1.915863542018797e-09,0
init_e000,shift_mid_d0.25,all,-3.164722801279092e-09,-4.924478957787518e-09,-1.3191075508091583e-09,0
init_e000,shift_high_d0.25,versa,-1.9158634837320878e-09,-6.457169642236162e-09,2.9802323784725953e-09,0
init_e000,shift_high_d0.25,akoya,-2.4835268233470655e-09,-6.599085603626029e-09,1.419158224798201e-09,0
init_e000,shift_high_d0.25,gt450,-6.670043580950644e-09,-1.2062844740682682e-08,-1.4830202684938072e-09,0
init_e000,shift_high_d0.25,s360,-2.341611047919555e-09,-6.173338195398464e-09,1.561073995071105e-09,0
init_e000,shift_high_d0.25,s60,9.93410761059484e-10,-3.19487991076067e-09,4.8978698068202134e-09,0
init_e000,shift_high_d0.25,all,-2.483526834977974e-09,-4.286212582558869e-09,-6.811959143585404e-10,0
init_e000,P1_d0.25,versa,9.224528654155642e-10,-2.9092743095545816e-09,4.33020659593824e-09,0
init_e000,P1_d0.25,akoya,2.1287370279208873e-10,-3.0511901316378938e-09,3.6188533546794538e-09,0
init_e000,P1_d0.25,gt450,-1.8449056462427073e-09,-6.24429600922952e-09,2.6964005704159058e-09,0
init_e000,P1_d0.25,s360,1.3482002551394128e-09,-2.9092743884597183e-09,5.607448886176963e-09,0
init_e000,P1_d0.25,s60,2.7673584799376137e-09,-5.676632922983297e-10,6.599085632967638e-09,0
init_e000,P1_d0.25,all,6.811959314083943e-10,-8.373033311401928e-10,2.271007951217182e-09,0
init_e000,P2_d0.25,versa,-2.9802321880164786e-09,-8.37303337801531e-09,1.8484537176032127e-09,0
init_e000,P2_d0.25,akoya,-1.5610740002257118e-09,-6.52812764771286e-09,3.1221481167605026e-09,0
init_e000,P2_d0.25,gt450,-5.676632825177936e-09,-1.135326579997164e-08,4.2574744787838794e-10,0
init_e000,P2_d0.25,s360,-2.1287375460249657e-09,-9.082612810264377e-09,4.683221759864475e-09,0
init_e000,P2_d0.25,s60,8.514948851832233e-10,-3.831727233124685e-09,5.392801158542513e-09,0
init_e000,P2_d0.25,all,-2.2990363348523738e-09,-4.683222036521478e-09,-5.676638614197982e-11,0
init_e000,shift_low_mid_d0.5,versa,1.4191581983643193e-09,-2.0577794600570986e-09,4.754180013026642e-09,0
init_e000,shift_low_mid_d0.5,akoya,-8.51494879896447e-10,-3.689811297772191e-09,1.7739478193268794e-09,0
init_e000,shift_low_mid_d0.5,gt450,-4.4703483401792575e-09,-9.013428596218877e-09,-1.4191579604593855e-10,0
init_e000,shift_low_mid_d0.5,s360,-2.4835269396561444e-09,-6.457169957856707e-09,1.917637473681725e-09,0
init_e000,shift_low_mid_d0.5,s60,-4.967053488090842e-10,-3.90268506968888e-09,2.9820062720707344e-09,0
init_e000,shift_low_mid_d0.5,all,-1.376583462035323e-09,-2.8528628254991564e-09,2.412568987972395e-10,0
init_e000,shift_mid_d0.5,versa,-2.1996952724920437e-09,-5.962238552870147e-09,1.6320318657350068e-09,0
init_e000,shift_mid_d0.5,akoya,-4.683222069405228e-09,-7.734412069931069e-09,-1.5610739737918304e-09,0
init_e000,shift_mid_d0.5,gt450,-7.4505805652031705e-09,-1.107120794604669e-08,-4.115558851253936e-09,0
init_e000,shift_mid_d0.5,s360,-2.4125689435634745e-09,-5.0397855933499645e-09,2.1464773886884963e-10,0
init_e000,shift_mid_d0.5,s60,8.514950173526309e-10,-3.4769374848829854e-09,4.684996163636528e-09,0
init_e000,shift_mid_d0.5,all,-3.178914366662257e-09,-4.881904199835606e-09,-1.6320319061259776e-09,0
init_e000,shift_high_d0.5,versa,-1.9158636159014955e-09,-4.614038225962746e-09,9.224528285402993e-10,0
init_e000,shift_high_d0.5,akoya,-1.064368672563733e-09,-4.115558893812485e-09,2.3416110800367206e-09,0
init_e000,shift_high_d0.5,gt450,-6.031422414419838e-09,-1.0148755217822971e-08,-2.1979212262382383e-09,0
init_e000,shift_high_d0.5,s360,-8.514949433377627e-10,-3.476937658421418e-09,1.7757217303713807e-09,0
init_e000,shift_high_d0.5,s60,1.2772423753558216e-09,-2.6254427367594383e-09,4.968827735109978e-09,0
init_e000,shift_high_d0.5,all,-1.7171814541734015e-09,-3.1650776233238542e-09,-1.1353266868957827e-10,0
init_e000,P1_d0.5,versa,-3.335021824839368e-09,-6.953875164980187e-09,4.2574741721508537e-10,0
init_e000,P1_d0.5,akoya,-2.128737503730755e-10,-3.6915853560534217e-09,3.476937584538719e-09,0
init_e000,P1_d0.5,gt450,-1.5610740583802513e-09,-5.534717044595818e-09,2.270653094914112e-09,0
init_e000,P1_d0.5,s360,1.6320319804580528e-09,-1.5610740216371559e-09,4.6832221754050924e-09,0
init_e000,P1_d0.5,s60,1.7739477030178007e-09,-1.5610741115123531e-09,5.038011574983895e-09,0
init_e000,P1_d0.5,all,-3.405979900233682e-10,-1.5610740552610535e-09,9.508359838372727e-10,0
init_e000,P2_d0.5,versa,-2.6964006160143516e-09,-7.525086606222483e-09,2.983780276559007e-09,0
init_e000,P2_d0.5,akoya,-2.6964006054407988e-09,-9.224528601816557e-09,4.257474712459392e-09,0
init_e000,P2_d0.5,gt450,-9.93410845647905e-10,-5.108969702849464e-09,3.6898112396176517e-09,0
init_e000,P2_d0.5,s360,2.2706531892830687e-09,-3.405979658363666e-09,7.237706985064292e-09,0
init_e000,P2_d0.5,s60,-2.2706531469888582e-09,-8.65686487785294e-09,3.83172711602259e-09,0
init_e000,P2_d0.5,all,-1.277242404961769e-09,-2.895082766323009e-09,5.108969273563228e-10,0
init_e000,increment_combined_over_reinhard,versa,-1.4191584415560295e-10,-5.108969649717362e-09,4.8251379191119455e-09,0
init_e000,increment_combined_over_reinhard,akoya,2.8383164601699543e-10,-6.528127891697586e-09,6.670043588880808e-09,0
init_e000,increment_combined_over_reinhard,gt450,-1.1353265946415343e-09,-8.092749858076974e-09,5.538265112387749e-09,0
init_e000,increment_combined_over_reinhard,s360,5.676631545778069e-10,-5.396349348062487e-09,6.5281277751241685e-09,0
init_e000,increment_combined_over_reinhard,s60,5.676632391662278e-10,-4.541306304815608e-09,5.534716938728122e-09,0
init_e000,increment_combined_over_reinhard,all,2.8383120192778624e-11,-2.866699672035434e-09,2.5544847259695304e-09,0
init_e000,gain_reinhard,versa,-4.399390481542771e-09,-9.792191808997787e-09,9.934107626455168e-10,0
init_e000,gain_reinhard,akoya,-9.934106447504053e-10,-7.379622448836339e-09,5.1125176052974666e-09,0
init_e000,gain_reinhard,gt450,9.082612545661223e-09,3.405979804278692e-09,1.490470910871958e-08,0
init_e000,gain_reinhard,s360,9.93410708191721e-10,-6.811959463171036e-09,8.94069657647336e-09,0
init_e000,gain_reinhard,s60,4.257474161577301e-10,-3.4059798793509157e-09,4.257474679681379e-09,0
init_e000,gain_reinhard,all,1.0217939087434995e-09,-1.6746066780349795e-09,3.945259793514652e-09,0
init_e000,gain_frequency,versa,-1.9868215961338365e-09,-7.521538662273268e-09,4.115558574359027e-09,0
init_e000,gain_frequency,akoya,-1.4191579128783987e-10,-6.102380379584866e-09,6.102380410776846e-09,0
init_e000,gain_frequency,gt450,5.5347169598752274e-09,4.257474579232629e-10,1.09275181406222e-08,0
init_e000,gain_frequency,s360,-4.257475218932563e-10,-6.528127858655234e-09,6.1059280885368554e-09,0
init_e000,gain_frequency,s60,1.7029898866755254e-09,-3.125696011807037e-09,6.386212035382397e-09,0
init_e000,gain_frequency,all,9.36644387447164e-10,-2.242269988361216e-09,4.286567344783754e-09,0
init_e000,gain_combined,versa,-4.5413062834041645e-09,-9.224528390081165e-09,4.257475433047003e-10,0
init_e000,gain_combined,akoya,-7.09579104468936e-10,-5.534717088079553e-09,4.1155588249522235e-09,0
init_e000,gain_combined,gt450,7.947286003887451e-09,1.986821479560419e-09,1.3482002996540691e-08,0
init_e000,gain_combined,s360,1.5610741271083433e-09,-6.102380402053666e-09,9.082612759246985e-09,0
init_e000,gain_combined,s60,9.934108033536946e-10,-3.83172702218231e-09,5.960464441588984e-09,0
init_e000,gain_combined,all,1.0501771092952778e-09,-2.2997459440491737e-09,4.5711087029310805e-09,0
init_e000,raw_target_distance,versa,-4.683222201574635e-09,-8.656865214620592e-09,-8.514949377866476e-10,0
init_e000,raw_target_distance,akoya,-4.541306325698375e-09,-8.089201795175292e-09,-5.676633871959644e-10,0
init_e000,raw_target_distance,gt450,4.5413063574190325e-09,1.383679105156013e-10,8.656865150914936e-09,0
init_e000,raw_target_distance,s360,-8.514948746096707e-10,-5.8185487224656405e-09,3.973643055075828e-09,0
init_e000,raw_target_distance,s60,8.514950120658546e-10,-4.119106706781817e-09,5.6766329309134614e-09,0
init_e000,raw_target_distance,all,-9.366444064795588e-10,-3.604661839388493e-09,1.7888489737642231e-09,0
init_e000,target_gain_high_d0.25,versa,2.696400637161457e-09,-2.6964006905578976e-09,8.09274989931381e-09,0
init_e000,target_gain_high_d0.25,akoya,4.257474690254932e-10,-4.399390524365659e-09,5.10896965024604e-09,0
init_e000,target_gain_high_d0.25,gt450,-1.2772424070764794e-09,-6.102380336497639e-09,3.6898112398819905e-09,0
init_e000,target_gain_high_d0.25,s360,-1.844905741404681e-09,-6.673591647024391e-09,3.2640639297241253e-09,0
init_e000,target_gain_high_d0.25,s60,2.8383163861550863e-09,-2.270653190076085e-09,8.373033347616347e-09,0
init_e000,target_gain_high_d0.25,all,5.676632687721752e-10,-1.6746067061077615e-09,3.0944744963811193e-09,0
init_e000,raw_at2_gt450_distance,gt450,4.541306442007453e-09,1.3836784386917767e-10,8.656865446710071e-09,0
init_e000,tissue_knn_balanced,at2,0.020000000000000004,0.0,0.030000000000000006,0
init_e000,tissue_knn_balanced,versa,0.008333333333333333,0.0,0.01363636363636364,0
init_e000,tissue_knn_balanced,akoya,0.02,0.008333333333333333,0.02727272727272727,0
init_e000,tissue_knn_balanced,gt450,0.025,0.009090909090909092,0.034848484848484844,0
init_e000,tissue_knn_balanced,s360,0.021666666666666664,0.005,0.03409090909090909,0
init_e000,tissue_knn_balanced,s60,0.01,0.002272727272727273,0.01666666666666667,0
init_e000,gate_knn_unseen_scanners,versa+akoya+s360+s60,0.015000000000000001,0.007812500000000002,0.01916666666666667,0
init_e000,between_tissue_distance,at2+gt450,-3.7887663261163376e-08,-5.364568004736176e-08,-2.463573543352251e-08,0
A_e025,shift_low_mid_d0.25,versa,0.005730889770867569,0.004723557463980147,0.00677154077039588,0
A_e025,shift_low_mid_d0.25,akoya,0.006211018544577417,0.004855755735410466,0.007797829426791783,0
A_e025,shift_low_mid_d0.25,gt450,0.004904559547347682,0.003900608620218312,0.005946351770433553,0
A_e025,shift_low_mid_d0.25,s360,0.006057968684693887,0.005080954808120926,0.00714944348687173,0
A_e025,shift_low_mid_d0.25,s60,0.005440954207664444,0.004477761903988375,0.006486149315744461,0
A_e025,shift_low_mid_d0.25,all,0.0056690781510302,0.004725508686221603,0.006628775503098343,0
A_e025,shift_mid_d0.25,versa,0.004132990209784891,0.0035014783546406156,0.004836105693747023,0
A_e025,shift_mid_d0.25,akoya,0.00273187803880622,0.002278610826830291,0.003273637170786969,0
A_e025,shift_mid_d0.25,gt450,0.0033608846937394922,0.0028133901622606487,0.003955504428484432,0
A_e025,shift_mid_d0.25,s360,0.003536828305749666,0.0029808847480342683,0.004184252983568945,0
A_e025,shift_mid_d0.25,s60,0.0034751532255627568,0.002928811636853165,0.00410334307373324,0
A_e025,shift_mid_d0.25,all,0.003447546894728605,0.002929115013047565,0.004019421198851585,0
A_e025,shift_high_d0.25,versa,0.0006940548593688401,0.0005985287382957591,0.0007975075325659763,0
A_e025,shift_high_d0.25,akoya,0.0005725393677407521,0.00041717809662735644,0.0007558457778768134,0
A_e025,shift_high_d0.25,gt450,0.0004493904977737527,0.00037463078080604426,0.0005330102306678392,0
A_e025,shift_high_d0.25,s360,0.0005643494077958167,0.0004782528231901649,0.0006641778846512482,0
A_e025,shift_high_d0.25,s60,0.000579324654868937,0.0004968164722543276,0.0006780304789052544,0
A_e025,shift_high_d0.25,all,0.0005719317575096197,0.0004920920142051599,0.0006643295985261266,0
A_e025,P1_d0.25,versa,-0.005036834960005113,-0.0059877803374547515,-0.00411888068857869,0
A_e025,P1_d0.25,akoya,-0.005638479105462986,-0.007032674360726516,-0.0044512479409431335,0
A_e025,P1_d0.25,gt450,-0.004455169061354051,-0.005433675227686763,-0.003520860252250541,0
A_e025,P1_d0.25,s360,-0.005493619268582691,-0.006498407657879094,-0.004584292395018219,0
A_e025,P1_d0.25,s60,-0.004861629529235263,-0.005820048241488015,-0.003962054175679528,0
A_e025,P1_d0.25,all,-0.005097146384928021,-0.005981995608585532,-0.0042292422112049765,0
A_e025,P2_d0.25,versa,5.749620145035719e-05,1.9092066750523548e-05,9.307438768982613e-05,0
A_e025,P2_d0.25,akoya,-7.267140263355118e-05,-0.00013768095099121204,-9.861758922809171e-06,0
A_e025,P2_d0.25,gt450,2.707157835586605e-05,-6.540242996574566e-06,5.485339503839742e-05,0
A_e025,P2_d0.25,s360,3.282087185209006e-05,1.3437324368496884e-05,5.54751630512366e-05,0
A_e025,P2_d0.25,s60,3.138468388946032e-05,1.2204242622038649e-05,5.098330507974103e-05,0
A_e025,P2_d0.25,all,1.5220386582844488e-05,-6.105450666164341e-06,3.777240652886974e-05,0
A_e025,shift_low_mid_d0.5,versa,0.022585749803554444,0.01873707578162707,0.02649489593071242,0
A_e025,shift_low_mid_d0.5,akoya,0.022961244474919068,0.018522565948244717,0.028255101118148083,0
A_e025,shift_low_mid_d0.5,gt450,0.019281318876892328,0.015418773009774407,0.02327017561876259,0
A_e025,shift_low_mid_d0.5,s360,0.023284940381667445,0.019772320669255265,0.027186042265523045,0
A_e025,shift_low_mid_d0.5,s60,0.02130873842785756,0.017627642024308443,0.025273168496122312,0
A_e025,shift_low_mid_d0.5,all,0.021884398392978167,0.01838055596664725,0.025517571881590848,0
A_e025,shift_mid_d0.5,versa,0.0158454461821488,0.013501617127275538,0.018450994828405478,0
A_e025,shift_mid_d0.5,akoya,0.010839935236920914,0.008991734903594034,0.013032032200689648,0
A_e025,shift_mid_d0.5,gt450,0.01310162270619046,0.011062876948909391,0.01532486762374728,0
A_e025,shift_mid_d0.5,s360,0.013743198875870024,0.011686025076501426,0.016131202048355976,0
A_e025,shift_mid_d0.5,s60,0.013433872189904963,0.011406225170053186,0.01570922708183172,0
A_e025,shift_mid_d0.5,all,0.01339281503820703,0.01145709758336168,0.015540200450590676,0
A_e025,shift_high_d0.5,versa,0.002806805013235481,0.0024135844800011476,0.0032386129394927545,0
A_e025,shift_high_d0.5,akoya,0.0024865964106062337,0.0017596524785317125,0.0033498578855263375,0
A_e025,shift_high_d0.5,gt450,0.0018045831127979216,0.0015043557078267137,0.0021373342038021378,0
A_e025,shift_high_d0.5,s360,0.002287397502056722,0.0019382081048596384,0.002686564968081211,0
A_e025,shift_high_d0.5,s60,0.002343758364163694,0.0020054930929161077,0.0027447365376810054,0
A_e025,shift_high_d0.5,all,0.0023458280805720108,0.0020127186580655345,0.0027282310777670886,0
A_e025,P1_d0.5,versa,-0.019778944751513854,-0.023335331627389506,-0.016277827456637865,0
A_e025,P1_d0.5,akoya,-0.02047464797007186,-0.024857278059547145,-0.016657907091125492,0
A_e025,P1_d0.5,gt450,-0.017476735924858423,-0.02121557474934629,-0.013931593417544809,0
A_e025,P1_d0.5,s360,-0.020997542644008285,-0.024605393508404846,-0.017586945790597906,0
A_e025,P1_d0.5,s60,-0.01896498024108864,-0.02260462458334154,-0.015521289868324642,0
A_e025,P1_d0.5,all,-0.019538570306308213,-0.022827536694905056,-0.016389681628705674,0
A_e025,P2_d0.5,versa,0.000337118761178447,0.00014566893388140065,0.0005436835762479642,0
A_e025,P2_d0.5,akoya,-0.0003283047885098594,-0.0006703052550006324,-2.6961686663388105e-05,0
A_e025,P2_d0.5,gt450,0.0001725781535458823,1.0321417698833102e-05,0.00032075147864599695,0
A_e025,P2_d0.5,s360,0.00025221620585181794,0.00011731674538688302,0.0004150562452650774,0
A_e025,P2_d0.5,s60,0.00023514316273490077,0.0001424413317181461,0.00034039068743931276,0
A_e025,P2_d0.5,all,0.0001337502989602377,1.2572931672930766e-05,0.0002803814099378597,0
A_e025,increment_combined_over_reinhard,versa,0.0007379835414689122,-0.00026134482201693265,0.0017081860120448428,0
A_e025,increment_combined_over_reinhard,akoya,0.03981451987333241,0.03143266950778308,0.04875948030080291,0
A_e025,increment_combined_over_reinhard,gt450,-0.0019307644917197259,-0.004102200110944631,0.00010550423219336958,0
A_e025,increment_combined_over_reinhard,s360,0.001644743208695824,0.0004805185513326987,0.002982652485973501,0
A_e025,increment_combined_over_reinhard,s60,-0.0004116672983703514,-0.001227951194769481,0.0003850175035213828,0
A_e025,increment_combined_over_reinhard,all,0.007970962966681414,0.006315265282145923,0.00972078266115291,0
A_e025,gain_reinhard,versa,0.019359100601702397,0.01627471719090993,0.02215907480657777,0
A_e025,gain_reinhard,akoya,0.35329009734448935,0.3325811652023168,0.3739391074648925,0
A_e025,gain_reinhard,gt450,0.10867233326037724,0.09858942724586953,0.11897023282058182,0
A_e025,gain_reinhard,s360,0.027650939566748484,0.02041533968599868,0.034482875458585714,0
A_e025,gain_reinhard,s60,0.02022231921243171,0.013897165468439372,0.026635744850639072,0
A_e025,gain_reinhard,all,0.10583895799714982,0.10171117839790117,0.10999851366958215,0
A_e025,gain_frequency,versa,0.0009891119795308139,-6.869297233476702e-05,0.002060371136152146,0
A_e025,gain_frequency,akoya,0.059094645349042754,0.049291642294043585,0.07002889199980668,0
A_e025,gain_frequency,gt450,-0.007649682700589654,-0.009952456488168709,-0.00551070840779825,0
A_e025,gain_frequency,s360,0.0035256236709149866,0.0022433127866558307,0.004969332651221303,0
A_e025,gain_frequency,s60,-0.0010399020705205788,-0.0018602894127113922,-0.00013309795699786387,0
A_e025,gain_frequency,all,0.010983959245675665,0.009352364649629245,0.012814327129171507,0
A_e025,gain_combined,versa,0.020097084099515564,0.017013428060870087,0.023041964761935,0
A_e025,gain_combined,akoya,0.39310461850393386,0.37044158957543827,0.4161464511993386,0
A_e025,gain_combined,gt450,0.10674156887190682,0.09705371599467028,0.11688501062315135,0
A_e025,gain_combined,s360,0.02929568259112005,0.021950503307189572,0.03626804882951545,0
A_e025,gain_combined,s60,0.01981065189916297,0.01357086450046024,0.025986393237309082,0
A_e025,gain_combined,all,0.11380992119312786,0.1091311348385716,0.11850797972724175,0
A_e025,raw_target_distance,versa,0.5379568310011,0.516164011047,0.5582713450704302,0
A_e025,raw_target_distance,akoya,0.6345051924387614,0.6123837680334137,0.658758178850015,0
A_e025,raw_target_distance,gt450,0.3645030827749343,0.34747863120975947,0.38282902975167543,0
A_e025,raw_target_distance,s360,0.2659233482111068,0.24293070990769636,0.2970209809286254,0
A_e025,raw_target_distance,s60,0.31620358640239354,0.2923372273998601,0.3414321566266673,0
A_e025,raw_target_distance,all,0.42381840816565924,0.4078666199282521,0.4404352118571599,0
A_e025,target_gain_high_d0.25,versa,1.7078205235607345e-06,-0.0002922854606919957,0.000305442529243226,0
A_e025,target_gain_high_d0.25,akoya,0.0011561085760885838,0.0007948858674115486,0.0015269042029623441,0
A_e025,target_gain_high_d0.25,gt450,-0.000561919810847723,-0.0009770244946204392,-0.00015022842241402658,0
A_e025,target_gain_high_d0.25,s360,0.0006603617054809417,0.00023778852021981342,0.001087924942181589,0
A_e025,target_gain_high_d0.25,s60,0.0009239062021065148,0.0005124604352334114,0.0013482569257792503,0
A_e025,target_gain_high_d0.25,all,0.0004360328986703757,0.0002678435586676642,0.0006145710613087171,0
A_e025,raw_at2_gt450_distance,gt450,0.36450308561325073,0.34747863188385963,0.38282903805375096,0
A_e025,tissue_knn_balanced,at2,0.26166666666666666,0.17423428030303031,0.36909982638888866,0
A_e025,tissue_knn_balanced,versa,0.24000000000000002,0.16,0.35376041666666663,0
A_e025,tissue_knn_balanced,akoya,0.23,0.14749305555555556,0.335,0
A_e025,tissue_knn_balanced,gt450,0.23333333333333334,0.14135227272727274,0.3417234848484845,0
A_e025,tissue_knn_balanced,s360,0.2733333333333333,0.15767857142857145,0.4068329124579124,0
A_e025,tissue_knn_balanced,s60,0.23166666666666666,0.14741666666666667,0.3397078124999999,0
A_e025,gate_knn_unseen_scanners,versa+akoya+s360+s60,0.24375000000000002,0.16074166666666664,0.3511600378787878,0
A_e025,between_tissue_distance,at2+gt450,0.9254877248815462,0.9121427157700976,0.9392901672560966,0
B_e025,shift_low_mid_d0.25,versa,0.011547261998722596,0.009124169768377518,0.014301371699825502,0
B_e025,shift_low_mid_d0.25,akoya,0.00599059872772722,0.004885716755442055,0.007203637758114685,0
B_e025,shift_low_mid_d0.25,gt450,0.013663269828871958,0.010596862253095467,0.01695650003273927,0
B_e025,shift_low_mid_d0.25,s360,0.01026947429359314,0.008220209366187364,0.01261460255094183,0
B_e025,shift_low_mid_d0.25,s60,0.011042169234271915,0.008626746462929684,0.013888419955176123,0
B_e025,shift_low_mid_d0.25,all,0.010502554816637366,0.008458221683367375,0.012774884417664169,0
B_e025,shift_mid_d0.25,versa,0.005477191702950569,0.0042526686846810794,0.007073902840160632,0
B_e025,shift_mid_d0.25,akoya,0.002265229244672117,0.001778598327793935,0.002782268486528967,0
B_e025,shift_mid_d0.25,gt450,0.005403663735792395,0.004052125594656294,0.00711291397331349,0
B_e025,shift_mid_d0.25,s360,0.00384265939716161,0.002911249665512947,0.0049251804462983224,0
B_e025,shift_mid_d0.25,s60,0.004197009686668892,0.0031493510019139476,0.005628921118373649,0
B_e025,shift_mid_d0.25,all,0.004237150753449116,0.0033267086094600114,0.005398995476536495,0
B_e025,shift_high_d0.25,versa,0.0006947304493570257,0.0005588572868700361,0.0008418496435513675,0
B_e025,shift_high_d0.25,akoya,0.0005862724917408611,0.00038860375146517373,0.0008264871524304556,0
B_e025,shift_high_d0.25,gt450,0.00048793532810772637,0.0004070505404559385,0.0005739332036076422,0
B_e025,shift_high_d0.25,s360,0.00039141433496427325,0.0003290602248203608,0.00046396121684838786,0
B_e025,shift_high_d0.25,s60,0.00043735419257288975,0.0003608460367710601,0.0005282611830504416,0
B_e025,shift_high_d0.25,all,0.0005195413593485552,0.0004204503258092917,0.000624331835861085,0
B_e025,P1_d0.25,versa,-0.0108525316630091,-0.013530886807434616,-0.008490686021035625,0
B_e025,P1_d0.25,akoya,-0.005404326161147938,-0.006422454635806692,-0.004448314578898828,0
B_e025,P1_d0.25,gt450,-0.01317533413280866,-0.016395489377013982,-0.010161876366501453,0
B_e025,P1_d0.25,s360,-0.009878059960014764,-0.012143843937554352,-0.00787655202439055,0
B_e025,P1_d0.25,s60,-0.010604814947804525,-0.013373911686496633,-0.008244534549192484,0
B_e025,P1_d0.25,all,-0.009983013372956996,-0.01217937804231908,-0.008005912614864342,0
B_e025,P2_d0.25,versa,6.938037393497542e-05,-4.584085677162788e-05,0.00019476523070861295,0
B_e025,P2_d0.25,akoya,5.815270380827271e-05,-2.594094818007198e-05,0.00014685681455505668,0
B_e025,P2_d0.25,gt450,4.9192991420048724e-05,1.3085834942622959e-05,9.244799758140026e-05,0
B_e025,P2_d0.25,s360,-4.74225916626719e-06,-2.1571946487732757e-05,1.586717476671072e-05,0
B_e025,P2_d0.25,s60,7.736681874619189e-06,-6.138152322658168e-05,6.03167725574037e-05,0
B_e025,P2_d0.25,all,3.594409837432977e-05,6.642010404315595e-06,6.555790440238575e-05,0
B_e025,shift_low_mid_d0.5,versa,0.03646510959203754,0.0298179462962296,0.04377828802292546,0
B_e025,shift_low_mid_d0.5,akoya,0.02114798031037762,0.017576272470787874,0.025089164450764655,0
B_e025,shift_low_mid_d0.5,gt450,0.04093178550136231,0.03325453476170965,0.049220478482034404,0
B_e025,shift_low_mid_d0.5,s360,0.032444303877474295,0.026564211355677495,0.03890890642346459,0
B_e025,shift_low_mid_d0.5,s60,0.035896725087825744,0.02911419783541489,0.0432933362539015,0
B_e025,shift_low_mid_d0.5,all,0.033377180873815505,0.02754161576041952,0.03946474995552783,0
B_e025,shift_mid_d0.5,versa,0.018254514428831282,0.014925605722237379,0.022361652258717047,0
B_e025,shift_mid_d0.5,akoya,0.008153573122052919,0.006520385538793302,0.009978091617813333,0
B_e025,shift_mid_d0.5,gt450,0.01864875943976499,0.014932756000641912,0.022859422482794056,0
B_e025,shift_mid_d0.5,s360,0.013020452156308152,0.010514956040840063,0.01572868675437002,0
B_e025,shift_mid_d0.5,s60,0.015312955803459599,0.012089956832295726,0.01918394896423532,0
B_e025,shift_mid_d0.5,all,0.014678050990083387,0.012035315251033312,0.017765023953037425,0
B_e025,shift_high_d0.5,versa,0.0027354106922367854,0.002201964580689535,0.0033184867824838002,0
B_e025,shift_high_d0.5,akoya,0.0025535462828840884,0.0016666388881276361,0.003557410009601708,0
B_e025,shift_high_d0.5,gt450,0.0019479268369087506,0.0016437145903529155,0.0022645219489710313,0
B_e025,shift_high_d0.5,s360,0.0015389035855020796,0.001303175394839075,0.001807307394864481,0
B_e025,shift_high_d0.5,s60,0.0017311968217005155,0.0014569371001146335,0.0020346532619095383,0
B_e025,shift_high_d0.5,all,0.002101396843846444,0.0017095655479213402,0.0025291430832294283,0
B_e025,P1_d0.5,versa,-0.033729698619849625,-0.04062451583865498,-0.027337815099218416,0
B_e025,P1_d0.5,akoya,-0.018594433974829457,-0.02170757015036153,-0.015626140214347592,0
B_e025,P1_d0.5,gt450,-0.03898385883353296,-0.04708955527139118,-0.03157935059862213,0
B_e025,P1_d0.5,s360,-0.030905400402843952,-0.03710289675454121,-0.025264751733768555,0
B_e025,P1_d0.5,s60,-0.034165527671575546,-0.0413101162650578,-0.02751669927411491,0
B_e025,P1_d0.5,all,-0.03127578390052631,-0.0371353676934017,-0.025669888637605175,0
B_e025,P2_d0.5,versa,0.00035325913125104435,-6.536444019340186e-05,0.0007760067734731509,0
B_e025,P2_d0.5,akoya,0.0004294798454793636,-3.500339906254555e-05,0.0008737079636765491,0
B_e025,P2_d0.5,gt450,0.00022378351093807613,1.0315547262420988e-05,0.0004505603908217464,0
B_e025,P2_d0.5,s360,-1.4953527906549252e-05,-0.00010307975308456836,9.33360728963417e-05,0
B_e025,P2_d0.5,s60,0.00014699966918994636,-7.866864272695494e-06,0.00029353112893894755,0
B_e025,P2_d0.5,all,0.00022771372579037622,4.6164042977541916e-05,0.00041037184854831476,0
B_e025,increment_combined_over_reinhard,versa,0.0006581019704407524,-8.23833516776739e-05,0.0014931786668187538,0
B_e025,increment_combined_over_reinhard,akoya,0.028798012994229794,0.022994208126328887,0.03493652614831392,0
B_e025,increment_combined_over_reinhard,gt450,9.534557743574537e-05,-0.001395683965771847,0.001490917863356156,0
B_e025,increment_combined_over_reinhard,s360,0.0009069296360220982,-3.80429599317722e-05,0.001885406590563001,0
B_e025,increment_combined_over_reinhard,s60,-0.0003892434650056419,-0.0016575182132544883,0.0008850794907803417,0
B_e025,increment_combined_over_reinhard,all,0.006013829342624549,0.004758111951218563,0.007272946702943868,0
B_e025,gain_reinhard,versa,-0.005908719724088553,-0.01019511459051587,-0.001351146494215804,0
B_e025,gain_reinhard,akoya,0.38118178503853933,0.3612327164127713,0.4019599735736847,0
B_e025,gain_reinhard,gt450,0.14860101966630845,0.13733485739323353,0.16054672048914997,0
B_e025,gain_reinhard,s360,0.06296454161582958,0.05321852723358288,0.07242970515840819,0
B_e025,gain_reinhard,s60,0.020089689553493544,0.013673228866952871,0.026573810281254173,0
B_e025,gain_reinhard,all,0.12138566323001647,0.1156221989440798,0.12762051055900794,0
B_e025,gain_frequency,versa,0.0008097510889499626,-4.521621038812943e-05,0.0016817277770228214,0
B_e025,gain_frequency,akoya,0.05466630447301127,0.04723912701675934,0.06246194906887554,0
B_e025,gain_frequency,gt450,-0.0026663455186378216,-0.004060342619501561,-0.0012924811535763563,0
B_e025,gain_frequency,s360,0.00040732239237210405,-0.0005696812638710807,0.0013742381498602855,0
B_e025,gain_frequency,s60,-0.0027129529501378003,-0.0037066342065545975,-0.0018420438343864157,0
B_e025,gain_frequency,all,0.010100815897111544,0.008524361299762594,0.011698578527724709,0
B_e025,gain_combined,versa,-0.00525061776196318,-0.009667730256859656,-0.0004769380621534502,0
B_e025,gain_combined,akoya,0.40997980038324994,0.3917668175129663,0.4292511676748594,0
B_e025,gain_combined,gt450,0.14869636403662817,0.13688904133048796,0.16069124328593412,0
B_e025,gain_combined,s360,0.06387147085652464,0.05449748259658615,0.07284823409503415,0
B_e025,gain_combined,s60,0.019700446191044257,0.013945025867862915,0.0262562442822465,0
B_e025,gain_combined,all,0.12739949274109674,0.12174746802355262,0.13345078758343812,0
B_e025,raw_target_distance,versa,0.5583935706388383,0.5307192731826079,0.5852674265347776,0
B_e025,raw_target_distance,akoya,0.6048866737456549,0.5764306949008079,0.6339180357399441,0
B_e025,raw_target_distance,gt450,0.49662327198755174,0.4693768679740883,0.5244869273333322,0
B_e025,raw_target_distance,s360,0.2677404483159383,0.24246409044024492,0.2982913240435578,0
B_e025,raw_target_distance,s60,0.3157419122400738,0.2917265522692885,0.34126823980893406,0
B_e025,raw_target_distance,all,0.44867717538561136,0.4306379649575268,0.46588763637202124,0
B_e025,target_gain_high_d0.25,versa,-9.944779750575046e-05,-0.0004754476612539466,0.0003316991936420283,0
B_e025,target_gain_high_d0.25,akoya,0.0014018331137430366,0.0009097889518064525,0.001948860125360494,0
B_e025,target_gain_high_d0.25,gt450,-0.00012055990286864384,-0.0004218185800319978,0.00016234466969589916,0
B_e025,target_gain_high_d0.25,s360,0.0002886932575382248,-4.4108927708986724e-05,0.000626404897532969,0
B_e025,target_gain_high_d0.25,s60,0.0007388082273272241,0.00037690755955011246,0.0011354363310130922,0
B_e025,target_gain_high_d0.25,all,0.0004418653796468182,0.0002999744554210251,0.0006050016345256197,0
B_e025,raw_at2_gt450_distance,gt450,0.49662327766418457,0.4693768724799156,0.5244869351387024,0
B_e025,tissue_knn_balanced,at2,0.175,0.11415972222222223,0.26704545454545453,0
B_e025,tissue_knn_balanced,versa,0.16833333333333333,0.09860795454545454,0.27121885521885514,0
B_e025,tissue_knn_balanced,akoya,0.18666666666666665,0.09392424242424244,0.2863920454545453,0
B_e025,tissue_knn_balanced,gt450,0.21333333333333337,0.1355909090909091,0.30972916666666667,0
B_e025,tissue_knn_balanced,s360,0.15333333333333332,0.07082386363636364,0.25450113636363636,0
B_e025,tissue_knn_balanced,s60,0.14333333333333334,0.08957859848484849,0.20751041666666661,0
B_e025,gate_knn_unseen_scanners,versa+akoya+s360+s60,0.16291666666666665,0.09530677083333333,0.24922123579545452,0
B_e025,between_tissue_distance,at2+gt450,0.9358688248869251,0.916896460409095,0.9529944780825141,0
A1_e025,shift_low_mid_d0.25,versa,0.004880430343161736,0.0039899163987554085,0.0058842231574956156,0
A1_e025,shift_low_mid_d0.25,akoya,0.005369829185794862,0.0043788039470590385,0.0064662370474598855,0
A1_e025,shift_low_mid_d0.25,gt450,0.004158711540401869,0.0033242059553491086,0.005051008474090069,0
A1_e025,shift_low_mid_d0.25,s360,0.005450555566875707,0.004487310840271502,0.006530301915925173,0
A1_e025,shift_low_mid_d0.25,s60,0.004674761084884051,0.003774554827638591,0.00570763345375391,0
A1_e025,shift_low_mid_d0.25,all,0.004906857544223645,0.004101187404857704,0.005758276005397507,0
A1_e025,shift_mid_d0.25,versa,0.0045071001874194255,0.0037347831020486497,0.005380648810837772,0
A1_e025,shift_mid_d0.25,akoya,0.002729868921007784,0.0022739904643025335,0.0032250676649190216,0
A1_e025,shift_mid_d0.25,gt450,0.003803723896410139,0.0031372996595954257,0.004561944324052005,0
A1_e025,shift_mid_d0.25,s360,0.003909155776325081,0.0032497680746018886,0.004693305871028097,0
A1_e025,shift_mid_d0.25,s60,0.0038457056507468224,0.00316925820135068,0.004599764651530199,0
A1_e025,shift_mid_d0.25,all,0.0037591108863818503,0.0031522543840609226,0.00445799779315989,0
A1_e025,shift_high_d0.25,versa,0.00048177724931433444,0.00041021407963680323,0.0005593110758387151,0
A1_e025,shift_high_d0.25,akoya,0.0005127774112181561,0.00037194085111661395,0.0006764718814208339,0
A1_e025,shift_high_d0.25,gt450,0.00029756490368440395,0.00024996414401920485,0.0003505902279617398,0
A1_e025,shift_high_d0.25,s360,0.0004017230274344218,0.0003357912246602133,0.0004845427583079851,0
A1_e025,shift_high_d0.25,s60,0.00038701671881080115,0.0003221161052265199,0.0004629005958815382,0
A1_e025,shift_high_d0.25,all,0.0004161718620924234,0.00035378406144619,0.00048669065909918914,0
A1_e025,P1_d0.25,versa,-0.004398653020394877,-0.005338065880918986,-0.0035711977298238454,0
A1_e025,P1_d0.25,akoya,-0.0048570517406222365,-0.005812288500601426,-0.003971765018234562,0
A1_e025,P1_d0.25,gt450,-0.0038611466131572214,-0.004708330460596786,-0.0030721835660404485,0
A1_e025,P1_d0.25,s360,-0.005048832601113688,-0.006062411401043868,-0.004136316640125144,0
A1_e025,P1_d0.25,s60,-0.004287744340087686,-0.005255972429378224,-0.003437635069158638,0
A1_e025,P1_d0.25,all,-0.004490685663075143,-0.005290344082999843,-0.0037266070213739853,0
A1_e025,P2_d0.25,versa,3.268406503377177e-05,1.4772035823235846e-05,5.061948915107721e-05,0
A1_e025,P2_d0.25,akoya,-5.666826489557154e-05,-0.00010886819249792876,-8.085704641979702e-06,0
A1_e025,P2_d0.25,gt450,1.0715921619174922e-05,1.4944407279840347e-06,1.997420125778013e-05,0
A1_e025,P2_d0.25,s360,1.115444141911818e-05,2.7116600329063224e-06,2.1016267593376185e-05,0
A1_e025,P2_d0.25,s60,2.5657387155996774e-05,1.4610212688990844e-05,3.77401425711336e-05,0
A1_e025,P2_d0.25,all,4.708710066498022e-06,-7.8802919664765e-06,1.685091833010687e-05,0
A1_e025,shift_low_mid_d0.5,versa,0.019119554132755314,0.015714839653533305,0.02288180413168101,0
A1_e025,shift_low_mid_d0.5,akoya,0.020487441060443718,0.0169552209676199,0.024353180014129193,0
A1_e025,shift_low_mid_d0.5,gt450,0.01619531899424536,0.01306901145837314,0.019571365211491602,0
A1_e025,shift_low_mid_d0.5,s360,0.02098986759249653,0.017410089504638952,0.024899059119412585,0
A1_e025,shift_low_mid_d0.5,s60,0.01808482570396293,0.014761900843032413,0.021812081994998848,0
A1_e025,shift_low_mid_d0.5,all,0.018975401496780772,0.01593042519952482,0.02216873987455897,0
A1_e025,shift_mid_d0.5,versa,0.017010220215611514,0.014233709120058587,0.020135397253380642,0
A1_e025,shift_mid_d0.5,akoya,0.010782917939303886,0.008963090872081617,0.01274133082202059,0
A1_e025,shift_mid_d0.5,gt450,0.014443378762475081,0.012032161894742223,0.01722881560036469,0
A1_e025,shift_mid_d0.5,s360,0.014872890342736528,0.012484291237446345,0.01772902486624107,0
A1_e025,shift_mid_d0.5,s60,0.014631604786873573,0.012154155621205323,0.017382530265742737,0
A1_e025,shift_mid_d0.5,all,0.01434820240940012,0.012116122908690678,0.016895221339793695,0
A1_e025,shift_high_d0.5,versa,0.0019418785841913806,0.001654281687972668,0.0022541252982115276,0
A1_e025,shift_high_d0.5,akoya,0.0021156511142007297,0.001537831560944185,0.0028051456066480436,0
A1_e025,shift_high_d0.5,gt450,0.0011945641502582778,0.0010044240362601289,0.001405289637616425,0
A1_e025,shift_high_d0.5,s360,0.0016061605198220128,0.0013424908150530732,0.0019385415374667248,0
A1_e025,shift_high_d0.5,s60,0.0015577737011924562,0.0012987722980878538,0.001860293583255649,0
A1_e025,shift_high_d0.5,all,0.0016832056139329716,0.0014340976016995097,0.0019646920105359247,0
A1_e025,P1_d0.5,versa,-0.017177675484812686,-0.02070792163361884,-0.0140323913631229,0
A1_e025,P1_d0.5,akoya,-0.01837178971618414,-0.021659272449046727,-0.015232623900685995,0
A1_e025,P1_d0.5,gt450,-0.015000755100377969,-0.01817213520352241,-0.012053105789458467,0
A1_e025,P1_d0.5,s360,-0.019383707216807773,-0.02305693225713358,-0.01604768289918346,0
A1_e025,P1_d0.5,s60,-0.016527051937633326,-0.019952337610967725,-0.013424032400473067,0
A1_e025,P1_d0.5,all,-0.017292195891163178,-0.02028399833134331,-0.014449006069030256,0
A1_e025,P2_d0.5,versa,0.00020073311745656092,0.00012229321015648034,0.00028798634974908137,0
A1_e025,P2_d0.5,akoya,-0.00013408433893519466,-0.0003607751828754079,8.254393161721615e-05,0
A1_e025,P2_d0.5,gt450,8.567387155943877e-05,4.397467396031408e-05,0.00013156692664432782,0
A1_e025,P2_d0.5,s360,8.154483044736913e-05,4.1083111021375124e-05,0.0001297009546300658,0
A1_e025,P2_d0.5,s60,0.00015137578702706378,0.0001000031551787591,0.00020833214746181463,0
A1_e025,P2_d0.5,all,7.704865351104759e-05,2.4416066298334466e-05,0.00013082523319528008,0
A1_e025,increment_combined_over_reinhard,versa,0.0006499319999767024,-0.000513416247988408,0.001736006527720573,0
A1_e025,increment_combined_over_reinhard,akoya,0.040131974344452225,0.03274703140680989,0.04833418456837535,0
A1_e025,increment_combined_over_reinhard,gt450,0.00012873439118266106,-0.0020046613572741903,0.0022684022718402995,0
A1_e025,increment_combined_over_reinhard,s360,0.0019592356139106586,0.0008791397460819489,0.0030901388373985386,0
A1_e025,increment_combined_over_reinhard,s60,-0.0005096499350786741,-0.0011922431137507028,0.00015430474200651815,0
A1_e025,increment_combined_over_reinhard,all,0.008472045282888713,0.006966185634560784,0.010076919067651032,0
A1_e025,gain_reinhard,versa,0.022012063834284033,0.018964617545272976,0.024893350763955997,0
A1_e025,gain_reinhard,akoya,0.3867616327035995,0.36294746065423605,0.41147203480913525,0
A1_e025,gain_reinhard,gt450,0.13075488025233858,0.12098938319832087,0.1410114509807456,0
A1_e025,gain_reinhard,s360,0.029573990786004634,0.022662099211343698,0.03627945135591463,0
A1_e025,gain_reinhard,s60,0.021351198726777165,0.015569841262324535,0.027355929419753094,0
A1_e025,gain_reinhard,all,0.1180907532606008,0.11248822776112882,0.12401671121199064,0
A1_e025,gain_frequency,versa,0.0007072769395086826,-0.0004417162550713069,0.0018051744241910494,0
A1_e025,gain_frequency,akoya,0.06438016252858299,0.05508361920448286,0.07330890548459831,0
A1_e025,gain_frequency,gt450,-0.003980959210128363,-0.005977097269329707,-0.0018193851732143079,0
A1_e025,gain_frequency,s360,0.004698105760672618,0.003466573778201737,0.006006812609571387,0
A1_e025,gain_frequency,s60,-0.0016239829045454307,-0.0022712545829736406,-0.0009647638227934729,0
A1_e025,gain_frequency,all,0.0128361206228181,0.011163142610333862,0.01446202368956533,0
A1_e025,gain_combined,versa,0.022661995852277392,0.019579441432974166,0.02559989123671715,0
A1_e025,gain_combined,akoya,0.4268936160064879,0.4049493408274083,0.44998210264103755,0
A1_e025,gain_combined,gt450,0.13088361280305044,0.12166116860296045,0.14125190372800545,0
A1_e025,gain_combined,s360,0.03153322670342667,0.024493832410024924,0.03806173857246037,0
A1_e025,gain_combined,s60,0.020841548647565235,0.015002657311006693,0.026751493597077482,0
A1_e025,gain_combined,all,0.1265628000025615,0.12094131306465852,0.13226958040297698,0
A1_e025,raw_target_distance,versa,0.5118741208598727,0.4878284033210505,0.5359777700333368,0
A1_e025,raw_target_distance,akoya,0.6433768130484081,0.6197647540342239,0.6695102854144005,0
A1_e025,raw_target_distance,gt450,0.3672307644571577,0.34857050531676836,0.38704549641836256,0
A1_e025,raw_target_distance,s360,0.25379301394735065,0.23075410812383607,0.28021266504767395,0
A1_e025,raw_target_distance,s60,0.2977690462555204,0.27694100320693993,0.3224316298784244,0
A1_e025,raw_target_distance,all,0.41480875171366194,0.39895174484877355,0.43071074901237383,0
A1_e025,target_gain_high_d0.25,versa,0.00018392829432351782,-2.022144012482299e-05,0.0004270028301626942,0
A1_e025,target_gain_high_d0.25,akoya,0.0009122190129433182,0.0006708525188081521,0.0011476963976747357,0
A1_e025,target_gain_high_d0.25,gt450,-0.00021825262107692348,-0.0004297504103111091,-2.8894156600602296e-05,0
A1_e025,target_gain_high_d0.25,s360,0.0008880997045794391,0.0006145690585938048,0.001166909583727309,0
A1_e025,target_gain_high_d0.25,s60,0.0008697821925861284,0.0005295898214301685,0.0012026983547045904,0
A1_e025,target_gain_high_d0.25,all,0.0005271553166710961,0.00037186385166413467,0.0006950611202938446,0
A1_e025,raw_at2_gt450_distance,gt450,0.36723074316978455,0.3485705144703388,0.38704551979899404,0
A1_e025,tissue_knn_balanced,at2,0.25,0.16699166666666665,0.3527951388888888,0
A1_e025,tissue_knn_balanced,versa,0.24333333333333335,0.1536212121212121,0.35,0
A1_e025,tissue_knn_balanced,akoya,0.1833333333333333,0.10416666666666667,0.2895833333333333,0
A1_e025,tissue_knn_balanced,gt450,0.20500000000000002,0.1180528846153846,0.30875,0
A1_e025,tissue_knn_balanced,s360,0.23666666666666666,0.14393939393939392,0.34668055555555544,0
A1_e025,tissue_knn_balanced,s60,0.21833333333333332,0.1416666666666667,0.3145899621212121,0
A1_e025,gate_knn_unseen_scanners,versa+akoya+s360+s60,0.22041666666666665,0.1437418619791667,0.3210857638888889,0
A1_e025,between_tissue_distance,at2+gt450,0.9071384582887677,0.8911795277852539,0.9224326024045989,0
B1_e025,shift_low_mid_d0.25,versa,0.005623298098466226,0.00437753713576101,0.0070955562295802336,0
B1_e025,shift_low_mid_d0.25,akoya,0.004481098714417645,0.003649458823548186,0.005367489548821357,0
B1_e025,shift_low_mid_d0.25,gt450,0.005754379405906158,0.00464040759404833,0.006950480189351808,0
B1_e025,shift_low_mid_d0.25,s360,0.00465828819488663,0.003774444140366367,0.005714729900050552,0
B1_e025,shift_low_mid_d0.25,s60,0.005163702301658867,0.004174240949283731,0.0062871305935134686,0
B1_e025,shift_low_mid_d0.25,all,0.005136153343067105,0.0041983538629470525,0.006183812139996526,0
B1_e025,shift_mid_d0.25,versa,0.003312911738508514,0.002691444079253069,0.0040365330504885475,0
B1_e025,shift_mid_d0.25,akoya,0.0016649200143070803,0.0013660953990654976,0.0019688335496799215,0
B1_e025,shift_mid_d0.25,gt450,0.003341700224804559,0.0027523461511702323,0.003978067394443011,0
B1_e025,shift_mid_d0.25,s360,0.0024312882285032955,0.002018689879887028,0.0028885004081530496,0
B1_e025,shift_mid_d0.25,s60,0.0027441837176281425,0.0022861964832242977,0.003251750961256524,0
B1_e025,shift_mid_d0.25,all,0.002699000784750318,0.002256271413934883,0.003180683426423154,0
B1_e025,shift_high_d0.25,versa,0.0005253828685021116,0.0004431632807176183,0.0006131749514246448,0
B1_e025,shift_high_d0.25,akoya,0.00041276826613327665,0.00031758688424555917,0.0005198578871516345,0
B1_e025,shift_high_d0.25,gt450,0.0003904209942057995,0.00033922671322042806,0.000446808653976491,0
B1_e025,shift_high_d0.25,s360,0.0003376536430247749,0.00027789757841674146,0.00040565259272019215,0
B1_e025,shift_high_d0.25,s60,0.0003967676152353219,0.00033837140087728456,0.00046217475563545507,0
B1_e025,shift_high_d0.25,all,0.0004125986774202569,0.00035647190794926636,0.0004753673977427838,0
B1_e025,P1_d0.25,versa,-0.005097915210561561,-0.006491308022842055,-0.003923723682168029,0
B1_e025,P1_d0.25,akoya,-0.004068330440315462,-0.00488869764237842,-0.003279609049371045,0
B1_e025,P1_d0.25,gt450,-0.0053639583472561625,-0.006522477057019604,-0.004301025697315622,0
B1_e025,P1_d0.25,s360,-0.004320634603832981,-0.0053037422708474054,-0.0034792789772230513,0
B1_e025,P1_d0.25,s60,-0.0047669346843447,-0.005828472437653025,-0.0038383042403785073,0
B1_e025,P1_d0.25,all,-0.004723554657262173,-0.00571900912567452,-0.003822242076927244,0
B1_e025,P2_d0.25,versa,7.677645423124583e-06,-3.414306534122737e-05,4.453807689271472e-05,0
B1_e025,P2_d0.25,akoya,-2.642358989154066e-05,-7.507978634748724e-05,1.957781231026055e-05,0
B1_e025,P2_d0.25,gt450,1.1204963925592892e-05,-2.493107505580654e-05,3.912112485111373e-05,0
B1_e025,P2_d0.25,s360,1.1664912422236826e-05,-1.2040787717772954e-05,3.836005105475643e-05,0
B1_e025,P2_d0.25,s60,3.476667980824762e-05,1.4262749130823848e-05,5.841092409888284e-05,0
B1_e025,P2_d0.25,all,7.778122337532251e-06,-7.621779392582625e-06,2.2673892137250035e-05,0
B1_e025,shift_low_mid_d0.5,versa,0.021027817390859127,0.016731374509011705,0.025885188824585854,0
B1_e025,shift_low_mid_d0.5,akoya,0.017016529770834104,0.014013612136200426,0.020243594881945423,0
B1_e025,shift_low_mid_d0.5,gt450,0.021303107363304923,0.01751951562528986,0.025263023675264156,0
B1_e025,shift_low_mid_d0.5,s360,0.01735540126849498,0.014200809619589043,0.02101630585356837,0
B1_e025,shift_low_mid_d0.5,s60,0.019178894148873433,0.01556881132890426,0.023387195037988324,0
B1_e025,shift_low_mid_d0.5,all,0.019176349988473312,0.015837071110228338,0.022840064641620427,0
B1_e025,shift_mid_d0.5,versa,0.012433165285204138,0.010282662513643681,0.014818169798014594,0
B1_e025,shift_mid_d0.5,akoya,0.0063600929431794654,0.005320702200766564,0.007451026362832634,0
B1_e025,shift_mid_d0.5,gt450,0.012717158278627764,0.010621720843205585,0.014957487487810709,0
B1_e025,shift_mid_d0.5,s360,0.009127199982425995,0.007643993535921687,0.010744799980117625,0
B1_e025,shift_mid_d0.5,s60,0.010226925613269919,0.008613035430399967,0.01197208092614476,0
B1_e025,shift_mid_d0.5,all,0.010172908420541457,0.008605367659724184,0.011878828522638373,0
B1_e025,shift_high_d0.5,versa,0.0021139824003469023,0.00178028753025934,0.0024560876106122682,0
B1_e025,shift_high_d0.5,akoya,0.0016568977970607755,0.0012837521275200527,0.0020969620288746045,0
B1_e025,shift_high_d0.5,gt450,0.0015860170879889103,0.0013815314553323247,0.0018024497377198364,0
B1_e025,shift_high_d0.5,s360,0.0013167766502149227,0.0011002335381081571,0.001558094462650063,0
B1_e025,shift_high_d0.5,s60,0.0015714274347937178,0.0013557239711406597,0.0018106949905770653,0
B1_e025,shift_high_d0.5,all,0.0016490202740810456,0.001430591986995534,0.0018869539521637353,0
B1_e025,P1_d0.5,versa,-0.018913834510991972,-0.02349077318129795,-0.01489978248053896,0
B1_e025,P1_d0.5,akoya,-0.015359632360438505,-0.018301116644094388,-0.012598522734783948,0
B1_e025,P1_d0.5,gt450,-0.019717090120095582,-0.023608672289576912,-0.016107156205855847,0
B1_e025,P1_d0.5,s360,-0.016038624658471064,-0.019507326529405657,-0.013073235391528302,0
B1_e025,P1_d0.5,s60,-0.01760746686098476,-0.02158386181330397,-0.014169053386320319,0
B1_e025,P1_d0.5,all,-0.017527329702196375,-0.020997573580382206,-0.014310325948199969,0
B1_e025,P2_d0.5,versa,5.457018085594644e-05,-0.0001934690883250109,0.0002698000115006358,0
B1_e025,P2_d0.5,akoya,1.1919654125016504e-05,-0.0001483736228394827,0.00015584982003680282,0
B1_e025,P2_d0.5,gt450,6.981648515474739e-05,-0.00013741422454759664,0.00023430124997070203,0
B1_e025,P2_d0.5,s360,6.906262353281601e-05,-5.126544105212902e-05,0.00021327370704371092,0
B1_e025,P2_d0.5,s60,0.00020557514217433068,7.978659951986413e-05,0.00035341067834148516,0
B1_e025,P2_d0.5,all,8.21888171685714e-05,-1.7368394156576298e-06,0.0001678567040495895,0
B1_e025,increment_combined_over_reinhard,versa,0.000173799322857078,-0.0007146566521571783,0.0009733997232182273,0
B1_e025,increment_combined_over_reinhard,akoya,0.029066810938751415,0.022268018689716146,0.036267083134346935,0
B1_e025,increment_combined_over_reinhard,gt450,-0.0003056646687799089,-0.0016084925033196453,0.0008821586862419879,0
B1_e025,increment_combined_over_reinhard,s360,0.0008381467431761502,-0.0001528238475397562,0.0019509050145210313,0
B1_e025,increment_combined_over_reinhard,s60,0.0001666702036388978,-0.0005550575711476129,0.0009251216386441484,0
B1_e025,increment_combined_over_reinhard,all,0.0059879525079287255,0.0046667829912205765,0.007385946914270483,0
B1_e025,gain_reinhard,versa,-0.0027695029652499044,-0.006101069847202434,0.0008497864735182856,0
B1_e025,gain_reinhard,akoya,0.3511457783835275,0.331526131998925,0.37154139542863485,0
B1_e025,gain_reinhard,gt450,0.14736590640885489,0.1399463287776425,0.1547584796235675,0
B1_e025,gain_reinhard,s360,0.06125022861219588,0.0540849065496808,0.06861934535027969,0
B1_e025,gain_reinhard,s60,0.016470446304689784,0.011755500828006743,0.021127458690292162,0
B1_e025,gain_reinhard,all,0.11469257134880362,0.11051295458703277,0.11962307870467483,0
B1_e025,gain_frequency,versa,0.00014550570943226506,-0.000800248794604115,0.0010065228167929615,0
B1_e025,gain_frequency,akoya,0.056320819294168836,0.04968945017705361,0.06320509497253668,0
B1_e025,gain_frequency,gt450,-0.005276044934275671,-0.006817448707131137,-0.003827181055021356,0
B1_e025,gain_frequency,s360,0.00132195054019186,0.0004431200244220062,0.0022121179395374686,0
B1_e025,gain_frequency,s60,-0.0010885701433705566,-0.0019428427713657063,-0.00023014562959274202,0
B1_e025,gain_frequency,all,0.010284732093229346,0.009034877761323081,0.011543352516035246,0
B1_e025,gain_combined,versa,-0.0025957036358747808,-0.006466467218983564,0.0013502837044402985,0
B1_e025,gain_combined,akoya,0.3802125893888019,0.3609755895677067,0.40008590945175715,0
B1_e025,gain_combined,gt450,0.14706024350154967,0.13977103232450427,0.1546726208180189,0
B1_e025,gain_combined,s360,0.06208837546762966,0.05519464430177495,0.06934833484036583,0
B1_e025,gain_combined,s60,0.016637116637347,0.012030059474221031,0.02116060811178093,0
B1_e025,gain_combined,all,0.1206805242718907,0.11624854451329505,0.12558625535555795,0
B1_e025,raw_target_distance,versa,0.5157245184694018,0.48889269977808,0.543424560484432,0
B1_e025,raw_target_distance,akoya,0.562265130735579,0.535633214811484,0.5921696669289044,0
B1_e025,raw_target_distance,gt450,0.4435717250619616,0.4248143006648336,0.46275830613005725,0
B1_e025,raw_target_distance,s360,0.24323617418607077,0.22250500151089259,0.2686766830938203,0
B1_e025,raw_target_distance,s60,0.2898209300779161,0.2691220757507143,0.31273316622135183,0
B1_e025,raw_target_distance,all,0.41092369570618587,0.3955873618913548,0.42535504552225273,0
B1_e025,target_gain_high_d0.25,versa,-0.00010416521590308374,-0.0003945898530782004,0.00017243525735033288,0
B1_e025,target_gain_high_d0.25,akoya,0.0009801471561721492,0.0007138797338441128,0.00125982972278637,0
B1_e025,target_gain_high_d0.25,gt450,-3.31716799423919e-05,-0.0003256039329157613,0.00028437464846189984,0
B1_e025,target_gain_high_d0.25,s360,0.0002516505296842384,9.775844910109301e-06,0.0005157119888952452,0
B1_e025,target_gain_high_d0.25,s60,0.0004968829196600598,9.021690358557472e-05,0.0008941768630133343,0
B1_e025,target_gain_high_d0.25,all,0.0003182687419341944,0.00018317276916908061,0.0004436684043234673,0
B1_e025,raw_at2_gt450_distance,gt450,0.44357171654701233,0.42481436356902125,0.46275836825370786,0
B1_e025,tissue_knn_balanced,at2,0.20666666666666667,0.13257386363636367,0.3,0
B1_e025,tissue_knn_balanced,versa,0.19666666666666666,0.12083333333333333,0.303058712121212,0
B1_e025,tissue_knn_balanced,akoya,0.18666666666666665,0.10301704545454546,0.2916666666666667,0
B1_e025,tissue_knn_balanced,gt450,0.24166666666666667,0.15151515151515155,0.3625,0
B1_e025,tissue_knn_balanced,s360,0.19499999999999998,0.10665833333333333,0.3181489898989899,0
B1_e025,tissue_knn_balanced,s60,0.215,0.14014772727272728,0.31251302083333327,0
B1_e025,gate_knn_unseen_scanners,versa+akoya+s360+s60,0.1983333333333333,0.12281036931818182,0.30643986742424245,0
B1_e025,between_tissue_distance,at2+gt450,0.927239551336742,0.9084874150289783,0.944041471705832,0
