contrast,statistic,role,left,right,estimate,ci_low,ci_high,ratio,ratio_lo,ratio_hi,category,margin,margin_computed,inherited_share,inherited_share_lo,inherited_share_hi,wsi_median
CLIP - PLIP,normalized_shift_low_mid_d0.25,secondary,0.004694166031530559,0.0025822825885630537,0.0021118834429675053,0.0015263939054436548,0.0028344023559879242,1.8178359147527272,1.6234300939785133,2.051291808507121,CLIP higher,,,,,,
ResNet50 layer3 - avgpool,normalized_shift_low_mid_d0.25,descriptive,0.0026760380572913695,0.0035416116589570747,-0.0008655736016657052,-0.0010862531632502086,-0.0006647157132364211,,,,,,,,,,
CLIP - PLIP,normalized_shift_mid_d0.25,secondary,0.007626320404056188,0.004118836260584087,0.0035074841434721005,0.0027820529932875804,0.00429561414600478,1.85157163858092,1.6876294413939439,2.0221619819593823,CLIP higher,,,,,,
ResNet50 layer3 - avgpool,normalized_shift_mid_d0.25,descriptive,0.0032739898477971087,0.0038576988105187117,-0.000583708962721603,-0.0007140531692339036,-0.00045133754509859105,,,,,,,,,,
CLIP - PLIP,normalized_shift_high_d0.25,secondary,0.005164924412583952,0.005452558206138546,-0.00028763379355459424,-0.0006541839086705585,0.00010694768332680937,0.9472479187419268,0.881048100616609,1.0198430928496367,similar,,,,,,
ResNet50 layer3 - avgpool,normalized_shift_high_d0.25,descriptive,0.0036552411111284203,0.003947460658143669,-0.00029221954701524845,-0.0004263677985949112,-0.00016571298997806888,,,,,,,,,,
CLIP - PLIP,normalized_shift_low_mid_d0.5,secondary,0.01740051371472577,0.010316496990047934,0.007084016724677837,0.005332261119142479,0.009062488909646877,1.6866688112749522,1.543675074535072,1.8546453762156427,CLIP higher,,,,,,
ResNet50 layer3 - avgpool,normalized_shift_low_mid_d0.5,descriptive,0.010058185884870827,0.013000093913919207,-0.00294190802904838,-0.003693764945700315,-0.0022555591394485654,,,,,,,,,,
CLIP - PLIP,normalized_shift_mid_d0.5,secondary,0.028627184553979362,0.014764686437546814,0.013862498116432549,0.011490910223946339,0.01623495094361277,1.9388955312440643,1.7937882278666841,2.082007072120432,CLIP higher,,,,,,
ResNet50 layer3 - avgpool,normalized_shift_mid_d0.5,descriptive,0.012974337391071742,0.014657467716252481,-0.0016831303251807397,-0.0021495986074723267,-0.001189349674182467,,,,,,,,,,
CLIP - PLIP,normalized_shift_high_d0.5,secondary,0.018250848237013256,0.018896089206801886,-0.0006452409697886297,-0.0018122680123409994,0.000576584209630746,0.9658532004836023,0.90641062719515,1.030788946425268,similar,,,,,,
ResNet50 layer3 - avgpool,normalized_shift_high_d0.5,descriptive,0.013320611649566546,0.01395048675865617,-0.0006298751090896247,-0.001081156031584331,-0.00018640336836492496,,,,,,,,,,
CLIP - PLIP,high_over_low_mid_d0.25,secondary,1.1002858394635646,2.111526534813797,-1.0112406953502322,-1.1377230378176963,-0.8828061933563296,,,,,,,,,,
ResNet50 layer3 - avgpool,high_over_low_mid_d0.25,descriptive,1.3659152197664108,1.1145944384275341,0.2513207813388767,0.18750649013032505,0.3140003702358795,,,,,,,,,,
CLIP - PLIP,normalized_distance,primary,0.3565318880428476,0.45974028263052813,-0.10320839458768055,-0.12660047800324065,-0.08110359395312165,,,,PLIP worse,0.064,0.06379868949004373,0.5955700837562384,0.5140703321863566,0.675880084258358,0.2045455246703532
ResNet50 layer3 - avgpool,normalized_distance,descriptive,0.21007794550456188,0.2341153234580065,-0.024037377953444627,-0.031011055839867185,-0.017046061356309542,,,,,,,,,,
CLIP - PLIP,robustness_index,primary,0.0901982224821676,0.05899301655515945,0.031205205927008157,0.013575280150334641,0.05058531941533609,,,,CLIP ≈ PLIP,0.085,0.08540588370767216,0.908656158767066,0.8495553936567823,0.9601305158006447,0.40061655138584806
ResNet50 layer3 - avgpool,robustness_index,descriptive,0.12053071881494112,0.16651651651651653,-0.045985797701575404,-0.062213740204626874,-0.03010571351944031,,,,,,,,,,
CLIP - PLIP,os_rate,primary,0.5845996732026144,0.6297058823529412,-0.045106209150326815,-0.06953913041753917,-0.01942460855701502,,,,CLIP ≈ PLIP,0.08,0.08018024918300654,0.8593599745263493,0.7855500977970371,0.9374539107302122,0.3089848856209151
ResNet50 layer3 - avgpool,os_rate,descriptive,0.5393790849673202,0.45351307189542484,0.0858660130718954,0.07060266210444574,0.10031361840852851,,,,,,,,,,
CLIP - PLIP,so_rate,secondary,0.05795751633986928,0.039477124183006536,0.018480392156862743,0.007050155863316201,0.031049191176470564,,,,CLIP ≈ PLIP,0.041,0.041407271241830065,0.8884230256992057,0.8095098269813574,0.9560684548679798,0.2051062091503268
ResNet50 layer3 - avgpool,so_rate,descriptive,0.07392156862745099,0.09060457516339869,-0.016683006535947703,-0.025714376777483568,-0.0074429611650485405,,,,,,,,,,
CLIP - PLIP,tissue_retrieval,secondary,0.2879629629629629,0.33796296296296297,-0.050000000000000044,-0.126267825311943,0.02690015360983096,,,,partial / inconclusive,0.072,0.07239583333333334,1.1726618705035972,0.9159731672088615,1.5383807821536863,0.6275462962962963
ResNet50 layer3 - avgpool,tissue_retrieval,descriptive,0.2833333333333333,0.23240740740740737,0.05092592592592596,-0.00589005602240897,0.1040414347557205,,,,,,,,,,
CLIP - PLIP,detectability_linear,secondary,0.9870388349514564,0.9892233009708736,-0.0021844660194172416,-0.006797330097087459,0.0031565533980583804,,,,,,,,,,
ResNet50 layer3 - avgpool,detectability_linear,descriptive,0.9413106796116504,0.8451456310679611,0.09616504854368924,0.08286407766990289,0.11053519417475761,,,,,,,,,,
CLIP - PLIP,detectability_mlp,secondary,0.9880582524271846,0.9896601941747573,-0.001601941747572666,-0.005341019417475853,0.0017961165048545641,,,,,,,,,,
ResNet50 layer3 - avgpool,detectability_mlp,descriptive,0.9435436893203883,0.8475728155339807,0.09597087378640767,0.0812099514563107,0.11238106796116523,,,,,,,,,,
CLIP - PLIP,detectability_knn,secondary,0.8816504854368932,0.9215048543689319,-0.03985436893203875,-0.04869053398058262,-0.03189320388349526,,,,,,,,,,
ResNet50 layer3 - avgpool,detectability_knn,descriptive,0.831747572815534,0.7393203883495145,0.0924271844660195,0.08106674757281544,0.10335194174757303,,,,,,,,,,
CLIP - PLIP,detectability_best,secondary,0.9880582524271846,0.9896601941747573,-0.001601941747572666,-0.005339805825242738,0.0022815533980582474,,,,,,,,,,
ResNet50 layer3 - avgpool,detectability_best,descriptive,0.9435436893203883,0.8475728155339807,0.09597087378640767,0.08189199029126207,0.11039077669902923,,,,,,,,,,
CLIP - PLIP,scanner_probe_6way,secondary,0.9815533980582524,0.9889967637540451,-0.007443365695792736,-0.011974110032362376,-0.003317152103559981,,,,,,,,,,
ResNet50 layer3 - avgpool,scanner_probe_6way,descriptive,0.9599514563106796,0.864967637540453,0.09498381877022655,0.08308859223300974,0.10703883495145627,,,,,,,,,,
CLIP - PLIP,between_tissue_distance,secondary,0.07731751518070104,0.2046696288099788,-0.12735211362927776,-0.13407202152018288,-0.11996384141680097,,,,,,,,,,
ResNet50 layer3 - avgpool,between_tissue_distance,descriptive,0.17924974921905856,0.28983211955309135,-0.11058237033403279,-0.11900058754398972,-0.10204505438136403,,,,,,,,,,
CLIP - PLIP,colour_share,secondary,0.22226844712224128,0.3758776251143629,-0.15360917799212162,-0.16479392436370605,-0.14218558148147736,,,,,,,,,,
ResNet50 layer3 - avgpool,colour_share,descriptive,0.4510097370754852,0.41260297554570985,0.038406761529775346,0.028909663388176687,0.04741777070756778,,,,,,,,,,
CLIP - PLIP,frequency_alone_share,secondary,0.07599472434054066,0.09596560239363269,-0.019970878053092028,-0.026213844758005114,-0.014071566125293797,,,,,,,,,,
ResNet50 layer3 - avgpool,frequency_alone_share,descriptive,0.08416827807941188,0.05035736924910017,0.03381090883031171,0.027522883489749902,0.04040254033809455,,,,,,,,,,
CLIP - PLIP,frequency_share,secondary,0.05163035374830395,0.04156704399614901,0.010063309752154942,0.0024553914530110192,0.018151377951759386,,,,,,,,,,
ResNet50 layer3 - avgpool,frequency_share,descriptive,0.07222537869820084,0.04977617165225573,0.022449207045945108,0.017197069223895266,0.027411442127840746,,,,,,,,,,
