predictor,predictor_label,outcome,outcome_label,rho,lo,hi,p_perm,partial_rho_given_between_tissue
normalized_shift_low_mid_d0.25,Low–mid,robustness_index,PathoROB RI,-0.7619047619047619,-0.7857142857142857,-0.5714285714285714,0.03675595238095238,-0.8082136229971807
normalized_shift_low_mid_d0.25,Low–mid,normalized_distance,Normalized scanner distance,0.7619047619047619,0.6904761904761905,0.8333333333333334,0.03675595238095238,0.7437919833437245
normalized_shift_low_mid_d0.25,Low–mid,detectability_best,Best-probe detectability,0.21428571428571427,0.14285714285714285,0.6190476190476191,0.6190972222222222,-0.37499390298428564
normalized_shift_mid_d0.25,Mid,robustness_index,PathoROB RI,-0.8809523809523809,-0.9047619047619048,-0.6190476190476191,0.007242063492063492,-0.9238737904869165
normalized_shift_mid_d0.25,Mid,normalized_distance,Normalized scanner distance,0.9285714285714286,0.9047619047619048,0.9761904761904762,0.002232142857142857,0.9388011803624874
normalized_shift_mid_d0.25,Mid,detectability_best,Best-probe detectability,0.09523809523809523,-0.09523809523809523,0.6190476190476191,0.8401289682539682,-0.46784635120232937
normalized_shift_high_d0.25,High,robustness_index,PathoROB RI,-0.9047619047619048,-0.9761904761904762,-0.7380952380952381,0.004563492063492064,-0.9023354809003539
normalized_shift_high_d0.25,High,normalized_distance,Normalized scanner distance,0.9047619047619048,0.8809523809523809,0.9285714285714286,0.004563492063492064,0.9134961514198578
normalized_shift_high_d0.25,High,detectability_best,Best-probe detectability,-0.16666666666666666,-0.35714285714285715,0.35714285714285715,0.7033234126984127,-0.4140393356054125
high_over_low_mid_d0.25,High / low–mid ratio,robustness_index,PathoROB RI,-0.19047619047619047,-0.30952380952380953,-0.16666666666666666,0.6645833333333333,-0.40519020777606635
high_over_low_mid_d0.25,High / low–mid ratio,normalized_distance,Normalized scanner distance,0.09523809523809523,-0.07142857142857142,0.16666666666666666,0.8401289682539682,0.38760990681292673
high_over_low_mid_d0.25,High / low–mid ratio,detectability_best,Best-probe detectability,-0.6428571428571429,-0.9048977561192091,-0.3333333333333333,0.09618055555555556,-0.3870904804999076
normalized_shift_low_mid_d0.5,Low–mid (dose 0.50),robustness_index,PathoROB RI,-0.7619047619047619,-0.7857142857142857,-0.5952380952380952,0.03675595238095238,-0.8082136229971807
normalized_shift_low_mid_d0.5,Low–mid (dose 0.50),normalized_distance,Normalized scanner distance,0.7619047619047619,0.7619047619047619,0.8333333333333334,0.03675595238095238,0.7437919833437245
normalized_shift_low_mid_d0.5,Low–mid (dose 0.50),detectability_best,Best-probe detectability,0.21428571428571427,0.14285714285714285,0.6190476190476191,0.6190972222222222,-0.37499390298428564
normalized_shift_mid_d0.5,Mid (dose 0.50),robustness_index,PathoROB RI,-0.8809523809523809,-0.9047619047619048,-0.6428571428571429,0.007242063492063492,-0.9238737904869165
normalized_shift_mid_d0.5,Mid (dose 0.50),normalized_distance,Normalized scanner distance,0.9285714285714286,0.9047619047619048,0.9761904761904762,0.002232142857142857,0.9388011803624874
normalized_shift_mid_d0.5,Mid (dose 0.50),detectability_best,Best-probe detectability,0.09523809523809523,-0.09523809523809523,0.6190476190476191,0.8401289682539682,-0.46784635120232937
normalized_shift_high_d0.5,High (dose 0.50),robustness_index,PathoROB RI,-0.9523809523809523,-0.9761904761904762,-0.8095238095238095,0.001140873015873016,-0.9500891265597148
normalized_shift_high_d0.5,High (dose 0.50),normalized_distance,Normalized scanner distance,0.9285714285714286,0.9047619047619048,0.9285714285714286,0.002232142857142857,0.9307578419910345
normalized_shift_high_d0.5,High (dose 0.50),detectability_best,Best-probe detectability,-0.21428571428571427,-0.38095238095238093,0.35714285714285715,0.6190972222222222,-0.5373732906238788
