model,label,group,in_rv14_correlation,k_opt,best_probe_point,normalized_shift_low_mid_d0.25,normalized_shift_low_mid_d0.25_lo,normalized_shift_low_mid_d0.25_hi,normalized_shift_mid_d0.25,normalized_shift_mid_d0.25_lo,normalized_shift_mid_d0.25_hi,normalized_shift_high_d0.25,normalized_shift_high_d0.25_lo,normalized_shift_high_d0.25_hi,normalized_shift_low_mid_d0.5,normalized_shift_low_mid_d0.5_lo,normalized_shift_low_mid_d0.5_hi,normalized_shift_mid_d0.5,normalized_shift_mid_d0.5_lo,normalized_shift_mid_d0.5_hi,normalized_shift_high_d0.5,normalized_shift_high_d0.5_lo,normalized_shift_high_d0.5_hi,high_over_low_mid_d0.25,high_over_low_mid_d0.25_lo,high_over_low_mid_d0.25_hi,normalized_distance,normalized_distance_lo,normalized_distance_hi,robustness_index,robustness_index_lo,robustness_index_hi,os_rate,os_rate_lo,os_rate_hi,so_rate,so_rate_lo,so_rate_hi,tissue_retrieval,tissue_retrieval_lo,tissue_retrieval_hi,detectability_linear,detectability_linear_lo,detectability_linear_hi,detectability_mlp,detectability_mlp_lo,detectability_mlp_hi,detectability_knn,detectability_knn_lo,detectability_knn_hi,detectability_best,detectability_best_lo,detectability_best_hi,scanner_probe_6way,scanner_probe_6way_lo,scanner_probe_6way_hi,between_tissue_distance,between_tissue_distance_lo,between_tissue_distance_hi,colour_share,colour_share_lo,colour_share_hi,frequency_alone_share,frequency_alone_share_lo,frequency_alone_share_hi,frequency_share,frequency_share_lo,frequency_share_hi,high_over_low_mid_d0.5,high_over_low_mid_d0.5_lo,high_over_low_mid_d0.5_hi,target_distance_raw,target_distance_raw_lo,target_distance_raw_hi
uni_v1,UNI,WSI-pretrained,True,15,linear,0.005034136987805221,0.004522952896111066,0.005614717698048203,0.004887599582369867,0.004470034007651141,0.005328794323529542,0.00641540522971934,0.005938788292305335,0.006933548063011781,0.019745528940990607,0.01776874303076406,0.021984879465548564,0.019129978713132458,0.017534098767138004,0.020811452318621568,0.02388717508929713,0.022159292413183866,0.025746750852406537,1.274380344686711,1.1748647254064997,1.3806873938854773,0.24330318444139368,0.23472987663344091,0.25222573206131826,0.343383989445804,0.2860776215443119,0.4063420411069645,0.355119825708061,0.3078779665587918,0.40239096706643823,0.18571350762527233,0.1580023644354727,0.21180313915857604,0.6148148148148148,0.5489490327380953,0.6895283613445378,0.9923300970873786,0.9873288834951454,0.9963592233009708,0.9853398058252428,0.9784951456310681,0.9909720873786407,0.9041747572815534,0.8924271844660195,0.9149053398058252,0.9923300970873786,0.9873288834951454,0.9963592233009708,0.9944174757281553,0.989967637540453,0.9976537216828478,0.8780549401658568,0.8703982291023897,0.8853627236620915,0.1584540256287911,0.14965859015697305,0.16758055312500983,0.040869407614757276,0.03604314903101885,0.04516346713758423,0.0018841039574095035,-0.0039037603166800047,0.00746731075584626,1.2097510864704515,1.1177558206446563,1.3066017295762806,0.21363356305685036,0.20693976039614145,0.22076575685908922
uni2,UNI2-h,WSI-pretrained,True,10,linear,0.004789991918177485,0.004326436452448376,0.005276031526987551,0.007563257493411656,0.006720114076623295,0.008544107526895646,0.008290510720216514,0.007533695279702092,0.009173827175881605,0.018359458122975732,0.01656620443836919,0.020295862839160794,0.02802996568629016,0.025297954245576952,0.031069310718023605,0.027398168510241374,0.0252097758193368,0.0299052388196883,1.7307984777082712,1.5696735090372842,1.9140700086349598,0.3130454153449257,0.29740688845238267,0.32832669985702867,0.30227142271422713,0.24402102990496835,0.3691751030151703,0.3475816993464052,0.2924061751618123,0.4035954692556634,0.15058006535947713,0.12676360981686405,0.174984272875817,0.6546296296296297,0.5864398448773449,0.7308960084033613,0.9950485436893205,0.9894174757281553,0.9985449029126217,0.9871844660194176,0.9748543689320389,0.9954368932038835,0.9537864077669904,0.9431067961165048,0.9630643203883497,0.9950485436893205,0.9894174757281553,0.9985449029126217,0.9949029126213592,0.989401294498382,0.9983009708737863,0.8929456650204457,0.8853773075122338,0.9004001274155721,0.11432659366469664,0.10703123966910735,0.12189422251330627,0.06922563398970975,0.06407931693393713,0.07488332363459214,0.05276394856890696,0.048592614210806274,0.05683691464627662,1.4923190176269012,1.364756981654733,1.6369926320417165,0.2795325465867763,0.26673296871932495,0.29222694141184674
virchow2,Virchow2,WSI-pretrained,True,5,linear,0.002142495790231302,0.0018898963417263573,0.002405132677545312,0.0018698691369365978,0.001710936271924336,0.002036490592408806,0.0014108073590235522,0.0012988953551114103,0.0015362816931987213,0.008160643845914209,0.00717890415839358,0.009216469926882973,0.007069128489048579,0.00648202516404174,0.007670958127586768,0.004858213381685308,0.004491415793898211,0.005260670544959903,0.6584878091504873,0.6047118060518918,0.7152363251207634,0.1220801953801539,0.1140617923639047,0.13082858490514418,0.5288017347034977,0.46390531233859056,0.593799423580363,0.245,0.21017762865664066,0.28148349834983494,0.2749509803921569,0.2417475371216448,0.3076861762632574,0.6402777777777778,0.5643504901960784,0.7269903273809524,0.9955339805825243,0.9921844660194176,0.9983021844660195,0.9842718446601941,0.9759223300970873,0.9907766990291262,0.7586407766990292,0.743882281553398,0.7732087378640777,0.9955339805825243,0.9921844660194176,0.9983021844660195,0.9951456310679611,0.9927973300970873,0.9972491909385113,0.7599204140081204,0.7375334602168213,0.7801878651628169,0.1638570508252441,0.15140633931402817,0.17720240225067885,0.11419703527568296,0.10580819416842364,0.12235304911343642,0.049264203435285515,0.03581623910520302,0.06303702553309043,0.5953223144418526,0.5382457296488229,0.6569457440996718,0.09277123261547877,0.08667815792780556,0.09928632928375161
hoptimus1,H-optimus-1,WSI-pretrained,True,10,linear,0.003981948633891898,0.003462014661219785,0.004560362967264472,0.003242460513877129,0.002924275003526107,0.0035740342407431605,0.0019128499136000128,0.001751350938119217,0.002081986944443006,0.014796676155594221,0.013100956920172267,0.016680149099323034,0.012011732045742964,0.010913603363454604,0.013149338283487135,0.00768349434644393,0.0070800198789563295,0.00833673196016777,0.4803803588321082,0.42966813532627474,0.5349381102007058,0.1596221873496274,0.14732213554051873,0.17300754024735399,0.50593142803976,0.43480034566455744,0.5763569535895814,0.2603022875816993,0.21776368464052287,0.3034511138613861,0.26655228758169935,0.23099253006218667,0.29949556229773455,0.6689814814814814,0.5995086179633143,0.7488865778318904,0.9969417475728154,0.9945145631067961,0.9989320388349514,0.9875242718446601,0.9757766990291261,0.9963592233009708,0.8376699029126213,0.8227657766990292,0.8519417475728155,0.9969417475728154,0.9945145631067961,0.9989320388349514,0.9880258899676374,0.9793669093851133,0.9942556634304207,0.8981557756705381,0.8898238112749195,0.9059679829356206,0.0648377355692095,0.05908290545000339,0.07050068353116118,0.025777707675073345,0.020655789591270554,0.03051229405876845,-0.006198367099029943,-0.013432085595099025,0.0003161798094624793,0.5192716435534753,0.4707165336933389,0.5735643877244687,0.14336558949323255,0.1331638969689064,0.15443270425721886
exaonepath,EXAONEPath,WSI-pretrained,True,5,linear,0.00792556249373475,0.006870298217243732,0.009088299437831703,0.010928642167011643,0.009710307425000174,0.012252982930924786,0.009959541274255664,0.008793699598030238,0.011189719535346766,0.02732617198397918,0.024392102972730565,0.030336005240509365,0.038589229130617235,0.03523841659494023,0.0420880830396874,0.0347428985507702,0.031619756277352216,0.038162833690536406,1.2566352586493132,1.1591673168232917,1.3636448139546764,0.47612293391229066,0.452907799764747,0.5001332404727621,0.17947573898494143,0.14187308283317704,0.22023593712312495,0.4807843137254902,0.4315123619836284,0.529676009512716,0.10516339869281045,0.08658453455639682,0.12420075433085855,0.5064814814814814,0.42423224177256436,0.5913039434523809,0.9910679611650485,0.9818446601941747,0.9970873786407767,0.9907766990291264,0.9810655339805825,0.9967961165048543,0.9257766990291261,0.9092233009708739,0.9404866504854368,0.9910679611650485,0.9821844660194176,0.9971371359223302,0.9665857605177993,0.9506452265372168,0.9774271844660194,0.7864999052070366,0.7748004426112274,0.7981429474167049,0.24606020511414262,0.22672761987631637,0.2660705242217328,0.03487396042956053,0.03202277048153756,0.03773795081078285,0.035837946275219155,0.03127315591907078,0.0402045111993494,1.271414765710298,1.1778222503788707,1.3708973107058426,0.37447064238891276,0.35865085520535234,0.3905078683804182
seal_uni2,SEAL-UNI2,WSI-pretrained,True,20,linear,0.004207141258809979,0.0037985397830779767,0.004656537411510242,0.007538237812355257,0.006633111666934054,0.008636116046873617,0.008343791291239373,0.007527144624079731,0.00926456781785777,0.016292758992859455,0.014672271201497332,0.018061870351042356,0.027824112729209944,0.024976984678527357,0.030975479625614217,0.027153762326685153,0.02483877348313128,0.029813193145651444,1.98324486342526,1.7873704170592672,2.2046390142173804,0.2998640676882633,0.2835315226047843,0.3155868124855368,0.3937723047962665,0.3284759812424897,0.46216839848143326,0.3157312091503268,0.2665946132425742,0.36458914913366336,0.20508169934640522,0.17653197194719472,0.2344130700753899,0.663888888888889,0.5956015114379085,0.7390610119047618,0.9960194174757282,0.991601941747573,0.9990291262135923,0.9904368932038835,0.9804842233009708,0.9968446601941747,0.955873786407767,0.9429126213592234,0.9669417475728154,0.9960194174757282,0.991601941747573,0.9990291262135923,0.9946601941747574,0.9893183656957928,0.9979773462783171,0.8703146337847694,0.8616361461303923,0.8789867124527727,0.11731024187057312,0.1093833601528534,0.12524532603722405,0.08635347887120436,0.08111362364391551,0.09213432085243156,0.06157104342011125,0.05650292672301229,0.0663037609006948,1.666615355851375,1.5164964662203395,1.8370218401361014,0.26097608625532215,0.248260624063788,0.27290555264316785
conch_pre,CONCH,WSI-pretrained,True,5,linear,0.0016680613888723755,0.0014178226290648044,0.001981927179133355,0.0027335974643340854,0.0024616042887605884,0.003026230197458472,0.0040404890066376015,0.003654781268520154,0.004449902924687392,0.00641488957774202,0.005586049033229433,0.00729113203813021,0.010377647543674083,0.009523333174971553,0.011259171012587091,0.014187900974403074,0.01297146694827113,0.015483423781247854,2.422266370765292,2.120824981852149,2.735593110063377,0.1394384794236962,0.13239803522527935,0.1467591378895954,0.4096055336226304,0.3505227012897488,0.46885518181625424,0.2956699346405229,0.2610071625737674,0.3321571482962117,0.20513071895424836,0.17803155339805826,0.23130111062576839,0.587037037037037,0.5141331168831169,0.6715723410576352,0.9730582524271844,0.9639308252427186,0.980485436893204,0.9579611650485436,0.946745145631068,0.9680594660194174,0.7935436893203884,0.7786407766990292,0.8077669902912622,0.9730582524271844,0.9639308252427186,0.980485436893204,0.9584142394822006,0.9456290453074432,0.9688511326860841,0.5660954887052504,0.5475487552636156,0.5834733484095104,0.20897567823451627,0.19838287507304955,0.2195113887835563,0.0855227596207348,0.07940647062251267,0.09121182482217284,0.01766399271558059,0.009107792939764712,0.02628765295092967,2.2117139823624337,1.9977597933403664,2.4421085036269,0.0789354941536743,0.07580200707419753,0.0820386252258611
seal_conch_pre,SEAL-CONCH,WSI-pretrained,True,10,linear,0.0014334592374003717,0.0012317954838916326,0.0016811410626715042,0.002572452807393441,0.0023302789250280965,0.002849772849523176,0.0037108333870099846,0.0033572024049080937,0.0040994087094942564,0.005735024800399465,0.005048524014018608,0.006450019367891762,0.00991549023326238,0.00910975290548724,0.010777425195390863,0.013184873085801093,0.012065525598890464,0.014431121545066473,2.588726131996408,2.293835976489549,2.8852613304683783,0.16578786489931271,0.15467954135527537,0.1775597429897635,0.40746079797542967,0.34951865283818057,0.4645872671605892,0.3022385620915033,0.2683890931372549,0.336187704248366,0.20783496732026144,0.1788888631099689,0.23526837418300653,0.6032407407407407,0.5348463203463203,0.6828535884050588,0.9777669902912622,0.9711152912621358,0.9839368932038834,0.9584466019417476,0.9480582524271843,0.9675242718446602,0.8294660194174758,0.813735436893204,0.8451480582524272,0.9777669902912622,0.9711152912621358,0.9839368932038834,0.9630258899676375,0.9500809061488673,0.9737864077669901,0.24686198260457667,0.23348312960816398,0.26007027068163513,0.27409155427828147,0.2600282414647871,0.2882633321217436,0.1443179607998266,0.13571084230527972,0.15289452809549575,0.05014504861523884,0.04061240598450138,0.060006434208828466,2.299008904875655,2.1094263190479654,2.5043838583258933,0.04092672102082404,0.03880550227976886,0.043105280046119764
plip,PLIP,reference (RV13),False,5,mlp,0.0025822825885630537,0.0022999268063501966,0.002867830298907532,0.004118836260584087,0.0037121000790458275,0.004538371913244729,0.005452558206138546,0.0049592213712557395,0.005958744910514487,0.010316496990047934,0.009230350553039243,0.011458404787772285,0.014764686437546814,0.013406703579167994,0.016143670583741665,0.018896089206801886,0.017210629005694377,0.0206046348899683,2.111526534813797,1.9369730358695996,2.311136252652368,0.45974028263052813,0.4296028076164933,0.4926724629806336,0.05899301655515945,0.04630572437825941,0.07383386887136748,0.6297058823529412,0.5887312253284152,0.6684032352941176,0.039477124183006536,0.032336601307189544,0.04727912055911473,0.33796296296296297,0.2617563025210084,0.4215069576217584,0.9892233009708736,0.9831043689320389,0.9938847087378642,0.9896601941747573,0.9845145631067961,0.993883495145631,0.9215048543689319,0.9130570388349513,0.929902912621359,0.9896601941747573,0.9846092233009709,0.9941771844660194,0.9889967637540451,0.9839805825242718,0.9928013754045307,0.2046696288099788,0.1956033002695058,0.21434035891702422,0.3758776251143629,0.366726968593865,0.384353043629178,0.09596560239363269,0.09197695443729748,0.09996512129409633,0.04156704399614901,0.038190574222698156,0.0450668940262236,1.8316381253278575,1.6832555558820916,2.0019710676274243,0.09409487299498494,0.09144841254351492,0.09685421689568209
dinov2,DINOv2,reference (RV13),False,5,linear,0.0051251141350843,0.0038027644849362393,0.007084157566355148,0.0038294998540189685,0.003109639298132932,0.004919677787387559,0.004630019987518086,0.0038988715489590175,0.00555626826937872,0.016188294877808852,0.013156964218150618,0.01982604285972411,0.01240758215124207,0.010773181100154624,0.014326775726936528,0.015129167629446091,0.013300256965407365,0.017061207888856057,0.9033984152319626,0.7473153587840239,1.114225576771961,0.17829921677163543,0.16665515859739777,0.18984002215741608,0.2728092439219877,0.22749829450103437,0.3224426012716526,0.35580065359477125,0.3332033697411003,0.376035698836874,0.13348039215686275,0.11050358128688367,0.15941774144933055,0.3634259259259259,0.2947496279761905,0.440017156862745,0.9573300970873787,0.9446080097087379,0.9679138349514562,0.9568446601941747,0.9429114077669901,0.9682524271844659,0.7244660194174758,0.7131553398058254,0.735485436893204,0.9573300970873787,0.9449490291262136,0.9686407766990289,0.948462783171521,0.9335740291262133,0.9605177993527508,0.12056130611830056,0.10627587107132917,0.13836599052497295,0.17103838173964195,0.15459959249973645,0.18685412132490864,0.08459420230604203,0.06960108903388224,0.09804997045291039,0.0017888582654493482,-0.014138546087726732,0.017036748462089486,0.9345745023575875,0.8109692931462277,1.077075294855424,0.02149598645385837,0.019435888531459625,0.023711217040936622
exaonepath_raw,EXAONEPath (no Macenko),"reference (RV13, off-label)",False,5,linear,0.0038036477776112933,0.0033855962749528355,0.0042630761435746446,0.008523821635590328,0.007751096524740841,0.009327334977904167,0.008476517061097722,0.0077268436862126975,0.009310422315599382,0.015003982958972564,0.01348738538590171,0.01670550021456192,0.03179682077046194,0.029171518211181257,0.03445807415943294,0.031403657877510704,0.028750705385253934,0.03411500506825516,2.228523132712622,2.0263891113993417,2.4617908458462194,0.3779497703179103,0.36005902679311147,0.3955143297651366,0.11370014457011651,0.0863008551000645,0.14632358147869173,0.5108823529411765,0.4551278635216463,0.5663984627831715,0.06553921568627451,0.05221561488673139,0.07926511437908497,0.47870370370370363,0.39458590102707747,0.5644074144809438,0.9953398058252428,0.9922815533980582,0.9978640776699029,0.9909223300970874,0.9855327669902912,0.9953883495145631,0.9463592233009708,0.9327669902912623,0.9579623786407767,0.9953398058252428,0.9922815533980582,0.9978640776699029,0.9964401294498382,0.9936893203883496,0.998462783171521,0.7437564492137867,0.7308574387449929,0.757166360912069,0.18574047227648363,0.1777859216184011,0.19324215625951643,0.04515406139282508,0.041846853004724245,0.0483827983366749,0.018589227436956828,0.01488223300549643,0.022103973945212785,2.0930214306015946,1.9174038945289915,2.2898312956054547,0.2811025791528152,0.27052451032808195,0.29137424794677175
clip,CLIP ViT-B/32,reference (RV15),False,10,mlp,0.004694166031530559,0.003888581513678928,0.005609888742122148,0.007626320404056188,0.0066707809887315795,0.008676757618007534,0.005164924412583952,0.00462462808647597,0.005742970391725763,0.01740051371472577,0.014817542362141736,0.0201002326037912,0.028627184553979362,0.02529992463492007,0.03188783222153596,0.018250848237013256,0.01644188912740422,0.020051380831208342,1.1002858394635646,0.9377186707401428,1.2721883633991997,0.3565318880428476,0.3287734508579074,0.38424073664773195,0.0901982224821676,0.06853675940576412,0.11486530974441635,0.5845996732026144,0.5552406196930373,0.611997550786632,0.05795751633986928,0.04491825702773018,0.07231452265372168,0.2879629629629629,0.2210752801120448,0.3610897640306122,0.9870388349514564,0.9825728155339806,0.9908750000000001,0.9880582524271846,0.9829114077669903,0.9921371359223301,0.8816504854368932,0.8718895631067961,0.8902924757281555,0.9880582524271846,0.9835922330097087,0.9921856796116506,0.9815533980582524,0.9749979773462782,0.9862459546925567,0.07731751518070104,0.07027400269579265,0.08587167621311585,0.22226844712224128,0.20850215147577564,0.23645924323514173,0.07599472434054066,0.07034586131566435,0.08151079601890257,0.05163035374830395,0.044265038707509335,0.058881739956589144,1.0488683573501545,0.9194739369630601,1.1865623795295739,0.027566159666156873,0.026079572837175737,0.02929166100443033
resnet50,ResNet50 (avgpool),"reference (RV15, primary)",False,5,mlp,0.0035416116589570747,0.0030600317315038405,0.004086382724597917,0.0038576988105187117,0.0034623381824122217,0.004252733579881171,0.003947460658143669,0.0035273917196609553,0.004380756286257823,0.013000093913919207,0.011487048314591975,0.014510866807249372,0.014657467716252481,0.013185067148824314,0.0160494460171289,0.01395048675865617,0.012527921829331037,0.015365678685219378,1.1145944384275341,1.014427074169281,1.2238062052569862,0.2341153234580065,0.21979462362975657,0.24869013319533415,0.16651651651651653,0.13088598974582108,0.2046433262416389,0.45351307189542484,0.42687095469255665,0.4785740291262135,0.09060457516339869,0.07146958484040865,0.10993648867313915,0.23240740740740737,0.1703874883286648,0.29848845598845597,0.8451456310679611,0.8272330097087378,0.8619915048543689,0.8475728155339807,0.8265036407766989,0.8667973300970874,0.7393203883495145,0.7276686893203882,0.7510206310679612,0.8475728155339807,0.8299466019417475,0.8670412621359224,0.864967637540453,0.8474898867313915,0.8821217637540453,0.28983211955309135,0.2743851681351633,0.30627988470858747,0.41260297554570985,0.39578359026510007,0.4282761856014833,0.05035736924910017,0.04103756245485056,0.05993932848820985,0.04977617165225573,0.04335717197557178,0.05596727109751266,1.0731066137698728,0.9881416559385113,1.1671192385120082,0.0678541404176916,0.06526470426768964,0.07048072736057609
resnet50_layer3,"ResNet50 (layer3, CLAM)","reference (RV15, secondary)",False,5,mlp,0.0026760380572913695,0.002334256916634363,0.003069439460323422,0.0032739898477971087,0.002919146554277085,0.0036360222279756436,0.0036552411111284203,0.003251244772225969,0.004094844763607584,0.010058185884870827,0.008885982245201958,0.01129223721460261,0.012974337391071742,0.011585779269297188,0.014366984678984004,0.013320611649566546,0.011907235243898294,0.01480483504274313,1.3659152197664108,1.2432757055536796,1.486578121655097,0.21007794550456188,0.1949266644136063,0.22549543408182698,0.12053071881494112,0.09220227977316255,0.15345209107078017,0.5393790849673202,0.5026099069579288,0.5738700294786759,0.07392156862745099,0.057825302208261944,0.09179741797709183,0.2833333333333333,0.20914248511904765,0.3588354163757389,0.9413106796116504,0.9291262135922329,0.9528640776699028,0.9435436893203883,0.9280097087378641,0.9570400485436894,0.831747572815534,0.8186893203883495,0.845145631067961,0.9435436893203883,0.9310679611650486,0.9570873786407766,0.9599514563106796,0.94789644012945,0.9696601941747572,0.17924974921905856,0.1687613767883072,0.19071333134441423,0.4510097370754852,0.43015988957601375,0.47165389284413994,0.08416827807941188,0.07687240898688942,0.09208924698455032,0.07222537869820084,0.06515522839037978,0.07899871142938153,1.324355286533623,1.2329452129058602,1.424529897736965,0.03765641904814777,0.03638636643017743,0.03897911742854463
