model,label,statistic,estimate,ci_low,ci_high
uni_v1,UNI,between_tissue_distance,0.8780549401658568,0.8703982291023897,0.8853627236620915
uni_v1,UNI,target_distance_raw,0.21363356305685036,0.20693976039614145,0.22076575685908922
uni_v1,UNI,target_distance_reinhard,0.17978246498107023,0.1733613192293209,0.18612145900884536
uni_v1,UNI,target_distance_frequency,0.204902485888087,0.1986041684470977,0.21138087389969007
uni_v1,UNI,target_distance_combined,0.17937995713947932,0.1734564222056616,0.1854240859963115
uni_v1,UNI,normalized_distance,0.24330318444139368,0.23472987663344091,0.25222573206131826
uni_v1,UNI,normalized_distance_versa,0.17433718102549497,0.16528929658689073,0.18378576074698
uni_v1,UNI,normalized_distance_akoya,0.3930933590308221,0.3768300655095507,0.4104250179314655
uni_v1,UNI,normalized_distance_gt450,0.21772141949864107,0.21007952011357509,0.22570397226306763
uni_v1,UNI,normalized_distance_s360,0.18484071254575063,0.17406533291856574,0.1960367683908071
uni_v1,UNI,normalized_distance_s60,0.24652325010625956,0.23465650699658464,0.25893214568528194
uni_v1,UNI,colour_share,0.1584540256287911,0.14965859015697305,0.16758055312500983
uni_v1,UNI,frequency_alone_share,0.040869407614757276,0.03604314903101885,0.04516346713758423
uni_v1,UNI,frequency_share,0.0018841039574095035,-0.0039037603166800047,0.00746731075584626
uni_v1,UNI,colour_frequency_share,0.1603381295862006,0.15142248173631093,0.16894210215278793
uni_v1,UNI,shift_low_mid_d0.25,0.0044202488516140405,0.003975795737313943,0.004923498829519237
uni_v1,UNI,normalized_shift_low_mid_d0.25,0.005034136987805221,0.004522952896111066,0.005614717698048203
uni_v1,UNI,target_gain_low_mid_d0.25,0.0001479486904097982,-0.00026629917743136507,0.0005733435637887204
uni_v1,UNI,normalized_target_gain_low_mid_d0.25,0.00016849593760255138,-0.0003021102743190912,0.0006569838500769309
uni_v1,UNI,shift_mid_d0.25,0.004291580958852441,0.003931437596172335,0.004669349500493468
uni_v1,UNI,normalized_shift_mid_d0.25,0.004887599582369867,0.004470034007651141,0.005328794323529542
uni_v1,UNI,target_gain_mid_d0.25,-0.002373311522516221,-0.0027992629646820797,-0.0019435849150696918
uni_v1,UNI,normalized_target_gain_mid_d0.25,-0.0027029191613772183,-0.003202241183233689,-0.002207823762592664
uni_v1,UNI,shift_high_d0.25,0.00563307825512094,0.005236241523863571,0.006059621795867204
uni_v1,UNI,normalized_shift_high_d0.25,0.00641540522971934,0.005938788292305335,0.006933548063011781
uni_v1,UNI,target_gain_high_d0.25,-0.0009061544583839078,-0.001250344629137256,-0.0005794031850053257
uni_v1,UNI,normalized_target_gain_high_d0.25,-0.001032002004581562,-0.0014316353095421576,-0.0006573608370984923
uni_v1,UNI,high_over_low_mid_d0.25,1.274380344686711,1.1748647254064997,1.3806873938854773
uni_v1,UNI,normalized_high_minus_low_mid_d0.25,0.001381268241914118,0.0009393741158722506,0.0017980003696626682
uni_v1,UNI,shift_low_mid_d0.5,0.017337659232824702,0.01562785943966462,0.01924843054923034
uni_v1,UNI,normalized_shift_low_mid_d0.5,0.019745528940990607,0.01776874303076406,0.021984879465548564
uni_v1,UNI,target_gain_low_mid_d0.5,-0.0036542142363427815,-0.004699881756189947,-0.0025861579682497082
uni_v1,UNI,normalized_target_gain_low_mid_d0.5,-0.004161714796174978,-0.005356666382190835,-0.002954046800473449
uni_v1,UNI,shift_mid_d0.5,0.016797172314333635,0.015430175199525978,0.018229239846534472
uni_v1,UNI,normalized_shift_mid_d0.5,0.019129978713132458,0.017534098767138004,0.020811452318621568
uni_v1,UNI,target_gain_mid_d0.5,-0.009994187114886846,-0.011131841387563516,-0.008888903079319329
uni_v1,UNI,normalized_target_gain_mid_d0.5,-0.011382188810416615,-0.012730431219947831,-0.010058702062795829
uni_v1,UNI,shift_high_d0.5,0.020974252093764138,0.019536646375522982,0.022473619016918113
uni_v1,UNI,normalized_shift_high_d0.5,0.02388717508929713,0.022159292413183866,0.025746750852406537
uni_v1,UNI,target_gain_high_d0.5,-0.008574796269819551,-0.00960365959806637,-0.007577750974054457
uni_v1,UNI,normalized_target_gain_high_d0.5,-0.009765671688151824,-0.01095500234897282,-0.008591746030595983
uni_v1,UNI,high_over_low_mid_d0.5,1.2097510864704515,1.1177558206446563,1.3066017295762806
uni_v1,UNI,normalized_high_minus_low_mid_d0.5,0.004141646148306523,0.0024754254575345635,0.005644201088082988
uni_v1,UNI,tissue_retrieval,0.6148148148148148,0.5489490327380953,0.6895283613445378
uni_v1,UNI,detectability_linear,0.9923300970873786,0.9873288834951454,0.9963592233009708
uni_v1,UNI,detectability_mlp,0.9853398058252428,0.9784951456310681,0.9909720873786407
uni_v1,UNI,detectability_knn,0.9041747572815534,0.8924271844660195,0.9149053398058252
uni_v1,UNI,detectability_best,0.9923300970873786,0.9873288834951454,0.9963592233009708
uni_v1,UNI,scanner_probe_6way,0.9944174757281553,0.989967637540453,0.9976537216828478
uni_v1,UNI,robustness_index,0.343383989445804,0.2860776215443119,0.4063420411069645
uni_v1,UNI,so_rate,0.18571350762527233,0.1580023644354727,0.21180313915857604
uni_v1,UNI,os_rate,0.355119825708061,0.3078779665587918,0.40239096706643823
uni2,UNI2-h,between_tissue_distance,0.8929456650204457,0.8853773075122338,0.9004001274155721
uni2,UNI2-h,target_distance_raw,0.2795325465867763,0.26673296871932495,0.29222694141184674
uni2,UNI2-h,target_distance_reinhard,0.24757454271709203,0.2355737438068604,0.25965270459643974
uni2,UNI2-h,target_distance_frequency,0.2601817288285486,0.24782590252818198,0.27208942970541583
uni2,UNI2-h,target_distance_combined,0.23282530180565178,0.221327943364944,0.2441041578184868
uni2,UNI2-h,normalized_distance,0.3130454153449257,0.29740688845238267,0.32832669985702867
uni2,UNI2-h,normalized_distance_versa,0.2563743221104783,0.24194941581036927,0.27149896772557874
uni2,UNI2-h,normalized_distance_akoya,0.40419637714941736,0.384433078921097,0.42363754641324036
uni2,UNI2-h,normalized_distance_gt450,0.37961232276751744,0.35840546230648923,0.4001451728831967
uni2,UNI2-h,normalized_distance_s360,0.1977686475101022,0.1853380661476668,0.20960881138043522
uni2,UNI2-h,normalized_distance_s60,0.3272754071871131,0.30679780837820597,0.34754619200729275
uni2,UNI2-h,colour_share,0.11432659366469664,0.10703123966910735,0.12189422251330627
uni2,UNI2-h,frequency_alone_share,0.06922563398970975,0.06407931693393713,0.07488332363459214
uni2,UNI2-h,frequency_share,0.05276394856890696,0.048592614210806274,0.05683691464627662
uni2,UNI2-h,colour_frequency_share,0.1670905422336036,0.1596215682300871,0.17558851919709748
uni2,UNI2-h,shift_low_mid_d0.25,0.004277202518819555,0.0038694849745596004,0.004705895137294932
uni2,UNI2-h,normalized_shift_low_mid_d0.25,0.004789991918177485,0.004326436452448376,0.005276031526987551
uni2,UNI2-h,target_gain_low_mid_d0.25,0.0033038850880942197,0.0026947832891301535,0.003924315491130618
uni2,UNI2-h,normalized_target_gain_low_mid_d0.25,0.0036999844643610773,0.0030150090631942527,0.004377645941218906
uni2,UNI2-h,shift_mid_d0.25,0.00675357799217534,0.006008800470713224,0.007631626249444666
uni2,UNI2-h,normalized_shift_mid_d0.25,0.007563257493411656,0.006720114076623295,0.008544107526895646
uni2,UNI2-h,target_gain_mid_d0.25,-0.00180516200736888,-0.0025014312027148793,-0.0010175018344544652
uni2,UNI2-h,normalized_target_gain_mid_d0.25,-0.0020215810189610443,-0.0028012009616087464,-0.0011406901846454521
uni2,UNI2-h,shift_high_d0.25,0.007402975608422869,0.006753472180693425,0.0081510435888923
uni2,UNI2-h,normalized_shift_high_d0.25,0.008290510720216514,0.007533695279702092,0.009173827175881605
uni2,UNI2-h,target_gain_high_d0.25,0.005269577542265626,0.004394196413565883,0.006150572516928293
uni2,UNI2-h,normalized_target_gain_high_d0.25,0.005901341759853853,0.00491376125582304,0.006909101423460438
uni2,UNI2-h,high_over_low_mid_d0.25,1.7307984777082712,1.5696735090372842,1.9140700086349598
uni2,UNI2-h,normalized_high_minus_low_mid_d0.25,0.0035005188020390287,0.0028154208093089895,0.00422413140740559
uni2,UNI2-h,shift_low_mid_d0.5,0.01639399854303559,0.014830657187885404,0.018077516065060462
uni2,UNI2-h,normalized_shift_low_mid_d0.5,0.018359458122975732,0.01656620443836919,0.020295862839160794
uni2,UNI2-h,target_gain_low_mid_d0.5,0.005534051717485031,0.0042677318753981995,0.006792947281188163
uni2,UNI2-h,normalized_target_gain_low_mid_d0.5,0.006197523471216268,0.004781285041395827,0.007624089714465173
uni2,UNI2-h,shift_mid_d0.5,0.025029236350244642,0.022606802376222212,0.027703144348651412
uni2,UNI2-h,normalized_shift_mid_d0.5,0.02802996568629016,0.025297954245576952,0.031069310718023605
uni2,UNI2-h,target_gain_mid_d0.5,-0.003071139731164115,-0.004399001596332749,-0.0015642263920055445
uni2,UNI2-h,normalized_target_gain_mid_d0.5,-0.0034393355065941164,-0.0049357635562355786,-0.001750265460437856
uni2,UNI2-h,shift_high_d0.5,0.02446507580071972,0.02257145672588089,0.026613798607972586
uni2,UNI2-h,normalized_shift_high_d0.5,0.027398168510241374,0.0252097758193368,0.0299052388196883
uni2,UNI2-h,target_gain_high_d0.5,0.00902409558012646,0.0075256963104949875,0.010455129887474665
uni2,UNI2-h,normalized_target_gain_high_d0.5,0.010105985093639304,0.008410681070603762,0.01174736675594334
uni2,UNI2-h,high_over_low_mid_d0.5,1.4923190176269012,1.364756981654733,1.6369926320417165
uni2,UNI2-h,normalized_high_minus_low_mid_d0.5,0.009038710387265643,0.00700440916662365,0.011128733612866785
uni2,UNI2-h,tissue_retrieval,0.6546296296296297,0.5864398448773449,0.7308960084033613
uni2,UNI2-h,detectability_linear,0.9950485436893205,0.9894174757281553,0.9985449029126217
uni2,UNI2-h,detectability_mlp,0.9871844660194176,0.9748543689320389,0.9954368932038835
uni2,UNI2-h,detectability_knn,0.9537864077669904,0.9431067961165048,0.9630643203883497
uni2,UNI2-h,detectability_best,0.9950485436893205,0.9894174757281553,0.9985449029126217
uni2,UNI2-h,scanner_probe_6way,0.9949029126213592,0.989401294498382,0.9983009708737863
uni2,UNI2-h,robustness_index,0.30227142271422713,0.24402102990496835,0.3691751030151703
uni2,UNI2-h,so_rate,0.15058006535947713,0.12676360981686405,0.174984272875817
uni2,UNI2-h,os_rate,0.3475816993464052,0.2924061751618123,0.4035954692556634
virchow2,Virchow2,between_tissue_distance,0.7599204140081204,0.7375334602168213,0.7801878651628169
virchow2,Virchow2,target_distance_raw,0.09277123261547877,0.08667815792780556,0.09928632928375161
virchow2,Virchow2,target_distance_reinhard,0.07757001203768372,0.07188460780281046,0.0834900713931407
virchow2,Virchow2,target_distance_frequency,0.08217703289192035,0.07648145052951827,0.08804347537514513
virchow2,Virchow2,target_distance_combined,0.07299971116117258,0.0678123177275805,0.07833949992124069
virchow2,Virchow2,normalized_distance,0.1220801953801539,0.1140617923639047,0.13082858490514418
virchow2,Virchow2,normalized_distance_versa,0.07247842342679305,0.06625653077575365,0.07920035914911874
virchow2,Virchow2,normalized_distance_akoya,0.25575746282117395,0.23089216583185473,0.28323024133820485
virchow2,Virchow2,normalized_distance_gt450,0.10539489659352556,0.09535950262137835,0.11613118882141303
virchow2,Virchow2,normalized_distance_s360,0.07885814975499886,0.06494900571320876,0.0951296345432873
virchow2,Virchow2,normalized_distance_s60,0.09791204430427808,0.08350562408720259,0.11719303621822366
virchow2,Virchow2,colour_share,0.1638570508252441,0.15140633931402817,0.17720240225067885
virchow2,Virchow2,frequency_alone_share,0.11419703527568296,0.10580819416842364,0.12235304911343642
virchow2,Virchow2,frequency_share,0.049264203435285515,0.03581623910520302,0.06303702553309043
virchow2,Virchow2,colour_frequency_share,0.2131212542605296,0.19620868642295716,0.23100681151604163
virchow2,Virchow2,shift_low_mid_d0.25,0.0016281262879232262,0.001443669710561439,0.00182995561705626
virchow2,Virchow2,normalized_shift_low_mid_d0.25,0.002142495790231302,0.0018898963417263573,0.002405132677545312
virchow2,Virchow2,target_gain_low_mid_d0.25,-0.00028442293080021414,-0.0005158754009391724,-6.563574529605072e-05
virchow2,Virchow2,normalized_target_gain_low_mid_d0.25,-0.00037427989241670096,-0.0006772252334260816,-8.70569346679515e-05
virchow2,Virchow2,shift_mid_d0.25,0.001420951728681866,0.00130215360918665,0.0015493159566110273
virchow2,Virchow2,normalized_shift_mid_d0.25,0.0018698691369365978,0.001710936271924336,0.002036490592408806
virchow2,Virchow2,target_gain_mid_d0.25,0.000760176780371404,0.0005189417592674719,0.0010276804320351362
virchow2,Virchow2,normalized_target_gain_mid_d0.25,0.0010003373594899647,0.0006738678391403752,0.0013521360731922432
virchow2,Virchow2,shift_high_d0.25,0.0010721013123548807,0.0009878004590428648,0.0011643147349212433
virchow2,Virchow2,normalized_shift_high_d0.25,0.0014108073590235522,0.0012988953551114103,0.0015362816931987213
virchow2,Virchow2,target_gain_high_d0.25,5.106022888884555e-05,-0.00011808866907128359,0.00020751816448438362
virchow2,Virchow2,normalized_target_gain_high_d0.25,6.719154788793439e-05,-0.00015394709758882413,0.00027220288176208005
virchow2,Virchow2,high_over_low_mid_d0.25,0.6584878091504873,0.6047118060518918,0.7152363251207634
virchow2,Virchow2,normalized_high_minus_low_mid_d0.25,-0.00073168843120775,-0.0009363625120975888,-0.0005493351065614414
virchow2,Virchow2,shift_low_mid_d0.5,0.006201439849959945,0.005454620249786374,0.00700878659860018
virchow2,Virchow2,normalized_shift_low_mid_d0.5,0.008160643845914209,0.00717890415839358,0.009216469926882973
virchow2,Virchow2,target_gain_low_mid_d0.5,-0.002253717102689056,-0.0028460413673349924,-0.0016727275378839205
virchow2,Virchow2,normalized_target_gain_low_mid_d0.5,-0.002965727806681837,-0.00375760644657539,-0.0022069250036018347
virchow2,Virchow2,shift_mid_d0.5,0.0053719750480743945,0.004934280921171541,0.005820471408152994
virchow2,Virchow2,normalized_shift_mid_d0.5,0.007069128489048579,0.00648202516404174,0.007670958127586768
virchow2,Virchow2,target_gain_mid_d0.5,0.00028296700163373803,-0.00029697428321809235,0.0009180327075741539
virchow2,Virchow2,normalized_target_gain_mid_d0.5,0.0003723639955153439,-0.00038489967336085846,0.0012132788917051099
virchow2,Virchow2,shift_high_d0.5,0.0036918555243500894,0.0034204358771732215,0.003983868763574069
virchow2,Virchow2,normalized_shift_high_d0.5,0.004858213381685308,0.004491415793898211,0.005260670544959903
virchow2,Virchow2,target_gain_high_d0.5,-0.0007715951806856553,-0.0010820024819791412,-0.0004803877888536688
virchow2,Virchow2,normalized_target_gain_high_d0.5,-0.0010153631439060277,-0.0014203997240419862,-0.0006368518554732955
virchow2,Virchow2,high_over_low_mid_d0.5,0.5953223144418526,0.5382457296488229,0.6569457440996718
virchow2,Virchow2,normalized_high_minus_low_mid_d0.5,-0.003302430464228901,-0.004217367905892797,-0.0024920093734405653
virchow2,Virchow2,tissue_retrieval,0.6402777777777778,0.5643504901960784,0.7269903273809524
virchow2,Virchow2,detectability_linear,0.9955339805825243,0.9921844660194176,0.9983021844660195
virchow2,Virchow2,detectability_mlp,0.9842718446601941,0.9759223300970873,0.9907766990291262
virchow2,Virchow2,detectability_knn,0.7586407766990292,0.743882281553398,0.7732087378640777
virchow2,Virchow2,detectability_best,0.9955339805825243,0.9921844660194176,0.9983021844660195
virchow2,Virchow2,scanner_probe_6way,0.9951456310679611,0.9927973300970873,0.9972491909385113
virchow2,Virchow2,robustness_index,0.5288017347034977,0.46390531233859056,0.593799423580363
virchow2,Virchow2,so_rate,0.2749509803921569,0.2417475371216448,0.3076861762632574
virchow2,Virchow2,os_rate,0.245,0.21017762865664066,0.28148349834983494
hoptimus1,H-optimus-1,between_tissue_distance,0.8981557756705381,0.8898238112749195,0.9059679829356206
hoptimus1,H-optimus-1,target_distance_raw,0.14336558949323255,0.1331638969689064,0.15443270425721886
hoptimus1,H-optimus-1,target_distance_reinhard,0.1340700893119465,0.12442398595581827,0.14461074418119085
hoptimus1,H-optimus-1,target_distance_frequency,0.13966995323661144,0.12990636543123235,0.15016543700771554
hoptimus1,H-optimus-1,target_distance_combined,0.13495872186499439,0.1254053690931513,0.14516531271194652
hoptimus1,H-optimus-1,normalized_distance,0.1596221873496274,0.14732213554051873,0.17300754024735399
hoptimus1,H-optimus-1,normalized_distance_versa,0.12438631182831628,0.11389855630942372,0.13575186695814906
hoptimus1,H-optimus-1,normalized_distance_akoya,0.19493920306322213,0.1789523759112628,0.21199914115748242
hoptimus1,H-optimus-1,normalized_distance_gt450,0.2304055142208375,0.21346434114925597,0.2485939532009322
hoptimus1,H-optimus-1,normalized_distance_s360,0.09399155544272807,0.08480740192745334,0.1034665996644677
hoptimus1,H-optimus-1,normalized_distance_s60,0.1543883521930331,0.1399524679609188,0.16938246375224156
hoptimus1,H-optimus-1,colour_share,0.0648377355692095,0.05908290545000339,0.07050068353116118
hoptimus1,H-optimus-1,frequency_alone_share,0.025777707675073345,0.020655789591270554,0.03051229405876845
hoptimus1,H-optimus-1,frequency_share,-0.006198367099029943,-0.013432085595099025,0.0003161798094624793
hoptimus1,H-optimus-1,colour_frequency_share,0.058639368470179566,0.049272798700259794,0.06690739465364495
hoptimus1,H-optimus-1,shift_low_mid_d0.25,0.0035764101639534167,0.0031096090062439526,0.004090141850623063
hoptimus1,H-optimus-1,normalized_shift_low_mid_d0.25,0.003981948633891898,0.003462014661219785,0.004560362967264472
hoptimus1,H-optimus-1,target_gain_low_mid_d0.25,-0.001340955845939293,-0.0018365779724514493,-0.0008549669244624955
hoptimus1,H-optimus-1,normalized_target_gain_low_mid_d0.25,-0.001493010324337304,-0.002043741284018319,-0.0009516729836428466
hoptimus1,H-optimus-1,shift_mid_d0.25,0.0029122346379224042,0.002632433408672321,0.003207383710131433
hoptimus1,H-optimus-1,normalized_shift_mid_d0.25,0.003242460513877129,0.002924275003526107,0.0035740342407431605
hoptimus1,H-optimus-1,target_gain_mid_d0.25,0.0002446361045235567,-3.938362168744798e-05,0.000533219284007269
hoptimus1,H-optimus-1,normalized_target_gain_mid_d0.25,0.00027237603002766217,-4.357566376571249e-05,0.0005967971955614128
hoptimus1,H-optimus-1,shift_high_d0.25,0.0017180371978907413,0.0015769200222294968,0.0018624736072802507
hoptimus1,H-optimus-1,normalized_shift_high_d0.25,0.0019128499136000128,0.001751350938119217,0.002081986944443006
hoptimus1,H-optimus-1,target_gain_high_d0.25,-0.0010100003122125915,-0.0012197769003585593,-0.00080899985995396
hoptimus1,H-optimus-1,normalized_target_gain_high_d0.25,-0.0011245268800487906,-0.0013587025471561212,-0.0009000172809232062
hoptimus1,H-optimus-1,high_over_low_mid_d0.25,0.4803803588321082,0.42966813532627474,0.5349381102007058
hoptimus1,H-optimus-1,normalized_high_minus_low_mid_d0.25,-0.002069098720291885,-0.0025614849883253995,-0.0016294094830217947
hoptimus1,H-optimus-1,shift_low_mid_d0.5,0.013289720149873483,0.01175441771130823,0.014969506887773232
hoptimus1,H-optimus-1,normalized_shift_low_mid_d0.5,0.014796676155594221,0.013100956920172267,0.016680149099323034
hoptimus1,H-optimus-1,target_gain_low_mid_d0.5,-0.005067979152341474,-0.006246583584949211,-0.003933367571784438
hoptimus1,H-optimus-1,normalized_target_gain_low_mid_d0.5,-0.005642650517453792,-0.0069462773391593255,-0.0043871064076756484
hoptimus1,H-optimus-1,shift_mid_d0.5,0.01078840651269093,0.009817610451680314,0.011777673798350985
hoptimus1,H-optimus-1,normalized_shift_mid_d0.5,0.012011732045742964,0.010913603363454604,0.013149338283487135
hoptimus1,H-optimus-1,target_gain_mid_d0.5,-0.001654776757203251,-0.002309446193350162,-0.0010404287272865267
hoptimus1,H-optimus-1,normalized_target_gain_mid_d0.5,-0.0018424162066628595,-0.002571880301307076,-0.0011567168328107079
hoptimus1,H-optimus-1,shift_high_d0.5,0.0069009748245905415,0.006382410632102764,0.007446568913902422
hoptimus1,H-optimus-1,normalized_shift_high_d0.5,0.00768349434644393,0.0070800198789563295,0.00833673196016777
hoptimus1,H-optimus-1,target_gain_high_d0.5,-0.003961731614997067,-0.0044682200127145405,-0.0034599022474682255
hoptimus1,H-optimus-1,normalized_target_gain_high_d0.5,-0.004410962688559619,-0.004994617124505223,-0.0038425158583888872
hoptimus1,H-optimus-1,high_over_low_mid_d0.5,0.5192716435534753,0.4707165336933389,0.5735643877244687
hoptimus1,H-optimus-1,normalized_high_minus_low_mid_d0.5,-0.007113181809150292,-0.008703851090046427,-0.0056485110365194656
hoptimus1,H-optimus-1,tissue_retrieval,0.6689814814814814,0.5995086179633143,0.7488865778318904
hoptimus1,H-optimus-1,detectability_linear,0.9969417475728154,0.9945145631067961,0.9989320388349514
hoptimus1,H-optimus-1,detectability_mlp,0.9875242718446601,0.9757766990291261,0.9963592233009708
hoptimus1,H-optimus-1,detectability_knn,0.8376699029126213,0.8227657766990292,0.8519417475728155
hoptimus1,H-optimus-1,detectability_best,0.9969417475728154,0.9945145631067961,0.9989320388349514
hoptimus1,H-optimus-1,scanner_probe_6way,0.9880258899676374,0.9793669093851133,0.9942556634304207
hoptimus1,H-optimus-1,robustness_index,0.50593142803976,0.43480034566455744,0.5763569535895814
hoptimus1,H-optimus-1,so_rate,0.26655228758169935,0.23099253006218667,0.29949556229773455
hoptimus1,H-optimus-1,os_rate,0.2603022875816993,0.21776368464052287,0.3034511138613861
exaonepath,EXAONEPath,between_tissue_distance,0.7864999052070366,0.7748004426112274,0.7981429474167049
exaonepath,EXAONEPath,target_distance_raw,0.37447064238891276,0.35865085520535234,0.3905078683804182
exaonepath,EXAONEPath,target_distance_reinhard,0.28232831931347213,0.26997856763460937,0.294174321703148
exaonepath,EXAONEPath,target_distance_frequency,0.3614113680242097,0.3456063091632254,0.37729244095512715
exaonepath,EXAONEPath,target_distance_combined,0.26890806054989147,0.25688960335162736,0.2803605191909097
exaonepath,EXAONEPath,normalized_distance,0.47612293391229066,0.452907799764747,0.5001332404727621
exaonepath,EXAONEPath,normalized_distance_versa,0.372323174755805,0.3517325729446618,0.39344071850496953
exaonepath,EXAONEPath,normalized_distance_akoya,0.8706108372518445,0.8249996771110484,0.9168094549621684
exaonepath,EXAONEPath,normalized_distance_gt450,0.4133007428815121,0.39161233507905996,0.4357191819789614
exaonepath,EXAONEPath,normalized_distance_s360,0.29028118980380857,0.27072941761432334,0.3101309406668612
exaonepath,EXAONEPath,normalized_distance_s60,0.43409872486848344,0.4105655450889346,0.45975660391731055
exaonepath,EXAONEPath,colour_share,0.24606020511414262,0.22672761987631637,0.2660705242217328
exaonepath,EXAONEPath,frequency_alone_share,0.03487396042956053,0.03202277048153756,0.03773795081078285
exaonepath,EXAONEPath,frequency_share,0.035837946275219155,0.03127315591907078,0.0402045111993494
exaonepath,EXAONEPath,colour_frequency_share,0.2818981513893618,0.2634344757366522,0.3012400972348539
exaonepath,EXAONEPath,shift_low_mid_d0.25,0.006233454150034826,0.005377005401766947,0.007150365762581052
exaonepath,EXAONEPath,normalized_shift_low_mid_d0.25,0.00792556249373475,0.006870298217243732,0.009088299437831703
exaonepath,EXAONEPath,target_gain_low_mid_d0.25,0.00016465289325606118,-0.00024362451694639252,0.0006017458299793565
exaonepath,EXAONEPath,normalized_target_gain_low_mid_d0.25,0.00020934890413333018,-0.000309201267350715,0.0007642047148775038
exaonepath,EXAONEPath,shift_mid_d0.25,0.00859537602839628,0.00764001276274138,0.009623068524836029
exaonepath,EXAONEPath,normalized_shift_mid_d0.25,0.010928642167011643,0.009710307425000174,0.012252982930924786
exaonepath,EXAONEPath,target_gain_mid_d0.25,-0.001692434843575802,-0.002315886055582169,-0.0010821154694620398
exaonepath,EXAONEPath,normalized_target_gain_mid_d0.25,-0.0021518563859588627,-0.0029519430049665092,-0.0013763101903927365
exaonepath,EXAONEPath,shift_high_d0.25,0.007833178268107649,0.006910252189094662,0.0087794370933188
exaonepath,EXAONEPath,normalized_shift_high_d0.25,0.009959541274255664,0.008793699598030238,0.011189719535346766
exaonepath,EXAONEPath,target_gain_high_d0.25,0.0022036119701248098,0.0017946237896394861,0.002612281033763995
exaonepath,EXAONEPath,normalized_target_gain_high_d0.25,0.0028017955953150886,0.0022762872640257957,0.003316582584329579
exaonepath,EXAONEPath,high_over_low_mid_d0.25,1.2566352586493132,1.1591673168232917,1.3636448139546764
exaonepath,EXAONEPath,normalized_high_minus_low_mid_d0.25,0.0020339787805209136,0.0013595582149827366,0.00278440108367356
exaonepath,EXAONEPath,shift_low_mid_d0.5,0.021492031675070803,0.019216904438634275,0.023841326061993226
exaonepath,EXAONEPath,normalized_shift_low_mid_d0.5,0.02732617198397918,0.024392102972730565,0.030336005240509365
exaonepath,EXAONEPath,target_gain_low_mid_d0.5,-0.0026612958219320356,-0.003543149125826678,-0.0017142978351781166
exaonepath,EXAONEPath,normalized_target_gain_low_mid_d0.5,-0.003383720461137858,-0.004514016064052511,-0.0021787749488862947
exaonepath,EXAONEPath,shift_mid_d0.5,0.03035042505324307,0.02781947438092039,0.03299367881505131
exaonepath,EXAONEPath,normalized_shift_mid_d0.5,0.038589229130617235,0.03523841659494023,0.0420880830396874
exaonepath,EXAONEPath,target_gain_mid_d0.5,-0.007734261991245579,-0.009068011085834549,-0.006525829148631918
exaonepath,EXAONEPath,normalized_target_gain_mid_d0.5,-0.009833773583494111,-0.011575641448802328,-0.008290640843374551
exaonepath,EXAONEPath,shift_high_d0.5,0.02732528641679845,0.02499229074095224,0.029836728616195164
exaonepath,EXAONEPath,normalized_shift_high_d0.5,0.0347428985507702,0.031619756277352216,0.038162833690536406
exaonepath,EXAONEPath,target_gain_high_d0.5,-0.000564440518090578,-0.001510713061329705,0.0004146337762960837
exaonepath,EXAONEPath,normalized_target_gain_high_d0.5,-0.0007176612665223346,-0.0019343375649559086,0.0005252738457722468
exaonepath,EXAONEPath,high_over_low_mid_d0.5,1.271414765710298,1.1778222503788707,1.3708973107058426
exaonepath,EXAONEPath,normalized_high_minus_low_mid_d0.5,0.007416726566791021,0.005133794157499541,0.009761304788851682
exaonepath,EXAONEPath,tissue_retrieval,0.5064814814814814,0.42423224177256436,0.5913039434523809
exaonepath,EXAONEPath,detectability_linear,0.9910679611650485,0.9818446601941747,0.9970873786407767
exaonepath,EXAONEPath,detectability_mlp,0.9907766990291264,0.9810655339805825,0.9967961165048543
exaonepath,EXAONEPath,detectability_knn,0.9257766990291261,0.9092233009708739,0.9404866504854368
exaonepath,EXAONEPath,detectability_best,0.9910679611650485,0.9821844660194176,0.9971371359223302
exaonepath,EXAONEPath,scanner_probe_6way,0.9665857605177993,0.9506452265372168,0.9774271844660194
exaonepath,EXAONEPath,robustness_index,0.17947573898494143,0.14187308283317704,0.22023593712312495
exaonepath,EXAONEPath,sensitivity_macenko_ok_normalized_distance,0.4757818649311737,0.45257578775518326,0.49959292489650026
exaonepath,EXAONEPath,sensitivity_macenko_ok_colour_share,0.249926242991983,0.2290102097765705,0.2714292920478297
exaonepath,EXAONEPath,sensitivity_macenko_ok_frequency_alone_share,0.03525199661519315,0.03248120338867763,0.03799729873129455
exaonepath,EXAONEPath,sensitivity_macenko_ok_frequency_share,0.03333800182498498,0.028188961651064763,0.03815534810644861
exaonepath,EXAONEPath,so_rate,0.10516339869281045,0.08658453455639682,0.12420075433085855
exaonepath,EXAONEPath,os_rate,0.4807843137254902,0.4315123619836284,0.529676009512716
seal_uni2,SEAL-UNI2,between_tissue_distance,0.8703146337847694,0.8616361461303923,0.8789867124527727
seal_uni2,SEAL-UNI2,target_distance_raw,0.26097608625532215,0.248260624063788,0.27290555264316785
seal_uni2,SEAL-UNI2,target_distance_reinhard,0.23036091845427475,0.21865490712682328,0.24166363859632928
seal_uni2,SEAL-UNI2,target_distance_frequency,0.23843989330498358,0.2264844336041648,0.24959641112020178
seal_uni2,SEAL-UNI2,target_distance_combined,0.21429234851583762,0.20342342018889153,0.22482150424019803
seal_uni2,SEAL-UNI2,normalized_distance,0.2998640676882633,0.2835315226047843,0.3155868124855368
seal_uni2,SEAL-UNI2,normalized_distance_versa,0.2368571206988095,0.2220197016318174,0.2515029538731164
seal_uni2,SEAL-UNI2,normalized_distance_akoya,0.38492090416895963,0.3638945104188167,0.4051174011709329
seal_uni2,SEAL-UNI2,normalized_distance_gt450,0.3883108428252437,0.36635705878196884,0.4105821901935442
seal_uni2,SEAL-UNI2,normalized_distance_s360,0.18222406562276885,0.17027036124073555,0.19344419932968487
seal_uni2,SEAL-UNI2,normalized_distance_s60,0.30700740512553487,0.2867531867864054,0.3269757792438675
seal_uni2,SEAL-UNI2,colour_share,0.11731024187057312,0.1093833601528534,0.12524532603722405
seal_uni2,SEAL-UNI2,frequency_alone_share,0.08635347887120436,0.08111362364391551,0.09213432085243156
seal_uni2,SEAL-UNI2,frequency_share,0.06157104342011125,0.05650292672301229,0.0663037609006948
seal_uni2,SEAL-UNI2,colour_frequency_share,0.17888128529068437,0.1718624647284284,0.18699309080156498
seal_uni2,SEAL-UNI2,shift_low_mid_d0.25,0.003661536603942,0.003303237993940153,0.004040187165316441
seal_uni2,SEAL-UNI2,normalized_shift_low_mid_d0.25,0.004207141258809979,0.0037985397830779767,0.004656537411510242
seal_uni2,SEAL-UNI2,target_gain_low_mid_d0.25,0.00361767217812166,0.0029840207079183272,0.004236420525544932
seal_uni2,SEAL-UNI2,normalized_target_gain_low_mid_d0.25,0.00415674060585349,0.0034277142086527154,0.004858213537371445
seal_uni2,SEAL-UNI2,shift_mid_d0.25,0.006560638681042467,0.005795675627600029,0.0075034671636735025
seal_uni2,SEAL-UNI2,normalized_shift_mid_d0.25,0.007538237812355257,0.006633111666934054,0.008636116046873617
seal_uni2,SEAL-UNI2,target_gain_mid_d0.25,-0.002418317246131561,-0.003151394527721299,-0.0015783797869561198
seal_uni2,SEAL-UNI2,normalized_target_gain_mid_d0.25,-0.0027786700949918946,-0.003622258776016727,-0.001811955683029191
seal_uni2,SEAL-UNI2,shift_high_d0.25,0.007261723662011542,0.006575674752473755,0.008042384599832152
seal_uni2,SEAL-UNI2,normalized_shift_high_d0.25,0.008343791291239373,0.007527144624079731,0.00926456781785777
seal_uni2,SEAL-UNI2,target_gain_high_d0.25,0.005610120952655442,0.004501777558954192,0.006739053233374872
seal_uni2,SEAL-UNI2,normalized_target_gain_high_d0.25,0.006446083674657407,0.005171348463537525,0.007756656169343151
seal_uni2,SEAL-UNI2,high_over_low_mid_d0.25,1.98324486342526,1.7873704170592672,2.2046390142173804
seal_uni2,SEAL-UNI2,normalized_high_minus_low_mid_d0.25,0.004136650032429394,0.003392495228384372,0.00491933565542747
seal_uni2,SEAL-UNI2,shift_low_mid_d0.5,0.014179826576213986,0.012811832169424862,0.015683756667677205
seal_uni2,SEAL-UNI2,normalized_shift_low_mid_d0.5,0.016292758992859455,0.014672271201497332,0.018061870351042356
seal_uni2,SEAL-UNI2,target_gain_low_mid_d0.5,0.006867605733991532,0.005525905835489364,0.00820342903300355
seal_uni2,SEAL-UNI2,normalized_target_gain_low_mid_d0.5,0.007890945949197845,0.006352818789625361,0.009434294227713745
seal_uni2,SEAL-UNI2,shift_mid_d0.5,0.02421573248030849,0.021759431095380054,0.02700038805643316
seal_uni2,SEAL-UNI2,normalized_shift_mid_d0.5,0.027824112729209944,0.024976984678527357,0.030975479625614217
seal_uni2,SEAL-UNI2,target_gain_mid_d0.5,-0.004145016812388785,-0.005630398161213064,-0.0025216022446268886
seal_uni2,SEAL-UNI2,normalized_target_gain_mid_d0.5,-0.004762664732366038,-0.006472654718169289,-0.002896920261270831
seal_uni2,SEAL-UNI2,shift_high_d0.5,0.023632316715227655,0.021685237235027084,0.02588945432905007
seal_uni2,SEAL-UNI2,normalized_shift_high_d0.5,0.027153762326685153,0.02483877348313128,0.029813193145651444
seal_uni2,SEAL-UNI2,target_gain_high_d0.5,0.009163043890975367,0.00738843902325157,0.010875158468818837
seal_uni2,SEAL-UNI2,normalized_target_gain_high_d0.5,0.010528426772657723,0.00848524415261852,0.012526389915040606
seal_uni2,SEAL-UNI2,high_over_low_mid_d0.5,1.666615355851375,1.5164964662203395,1.8370218401361014
seal_uni2,SEAL-UNI2,normalized_high_minus_low_mid_d0.5,0.010861003333825696,0.00868718067739388,0.01302663759309217
seal_uni2,SEAL-UNI2,tissue_retrieval,0.663888888888889,0.5956015114379085,0.7390610119047618
seal_uni2,SEAL-UNI2,detectability_linear,0.9960194174757282,0.991601941747573,0.9990291262135923
seal_uni2,SEAL-UNI2,detectability_mlp,0.9904368932038835,0.9804842233009708,0.9968446601941747
seal_uni2,SEAL-UNI2,detectability_knn,0.955873786407767,0.9429126213592234,0.9669417475728154
seal_uni2,SEAL-UNI2,detectability_best,0.9960194174757282,0.991601941747573,0.9990291262135923
seal_uni2,SEAL-UNI2,scanner_probe_6way,0.9946601941747574,0.9893183656957928,0.9979773462783171
seal_uni2,SEAL-UNI2,robustness_index,0.3937723047962665,0.3284759812424897,0.46216839848143326
seal_uni2,SEAL-UNI2,so_rate,0.20508169934640522,0.17653197194719472,0.2344130700753899
seal_uni2,SEAL-UNI2,os_rate,0.3157312091503268,0.2665946132425742,0.36458914913366336
conch_pre,CONCH,between_tissue_distance,0.5660954887052504,0.5475487552636156,0.5834733484095104
conch_pre,CONCH,target_distance_raw,0.0789354941536743,0.07580200707419753,0.0820386252258611
conch_pre,CONCH,target_distance_reinhard,0.062439895726133524,0.05959767111538923,0.0652362654758707
conch_pre,CONCH,target_distance_frequency,0.0721847128616257,0.06923394295647015,0.0751241521063306
conch_pre,CONCH,target_distance_combined,0.061045579732402266,0.05830944507188161,0.06379318772288388
conch_pre,CONCH,normalized_distance,0.1394384794236962,0.13239803522527935,0.1467591378895954
conch_pre,CONCH,normalized_distance_versa,0.10876319938351824,0.10286266523117515,0.11529660718600332
conch_pre,CONCH,normalized_distance_akoya,0.25004301837767057,0.23316523101653416,0.26819026243161653
conch_pre,CONCH,normalized_distance_gt450,0.13477005251647767,0.12828413262642419,0.14164099021863139
conch_pre,CONCH,normalized_distance_s360,0.08806577041761225,0.0796912716236721,0.09795788100777413
conch_pre,CONCH,normalized_distance_s60,0.11555035642320229,0.10725777741779156,0.12531222525460223
conch_pre,CONCH,colour_share,0.20897567823451627,0.19838287507304955,0.2195113887835563
conch_pre,CONCH,frequency_alone_share,0.0855227596207348,0.07940647062251267,0.09121182482217284
conch_pre,CONCH,frequency_share,0.01766399271558059,0.009107792939764712,0.02628765295092967
conch_pre,CONCH,colour_frequency_share,0.22663967095009685,0.21230854317862996,0.2408728806730537
conch_pre,CONCH,shift_low_mid_d0.25,0.0009442820271240661,0.000806251779028387,0.0011239936626975399
conch_pre,CONCH,normalized_shift_low_mid_d0.25,0.0016680613888723755,0.0014178226290648044,0.001981927179133355
conch_pre,CONCH,target_gain_low_mid_d0.25,0.00048528942078786356,0.00035374027012109103,0.0006280292695127831
conch_pre,CONCH,normalized_target_gain_low_mid_d0.25,0.0008572571774026975,0.0006280879220485568,0.0011068524571501148
conch_pre,CONCH,shift_mid_d0.25,0.0015474771924956375,0.0014010992412529873,0.0017136766698065123
conch_pre,CONCH,normalized_shift_mid_d0.25,0.0027335974643340854,0.0024616042887605884,0.003026230197458472
conch_pre,CONCH,target_gain_mid_d0.25,-0.0007134512058860317,-0.0008655307461738167,-0.0005584175890159393
conch_pre,CONCH,normalized_target_gain_mid_d0.25,-0.0012603018750737742,-0.0015279094367893226,-0.0009853651356039395
conch_pre,CONCH,shift_high_d0.25,0.0022873025988207046,0.0020764819617191473,0.0025145083979779097
conch_pre,CONCH,normalized_shift_high_d0.25,0.0040404890066376015,0.003654781268520154,0.004449902924687392
conch_pre,CONCH,target_gain_high_d0.25,0.0014187353311079496,0.0011478078413451056,0.0017140161138854476
conch_pre,CONCH,normalized_target_gain_high_d0.25,0.0025061767129655474,0.002038695009778164,0.0029959049238573454
conch_pre,CONCH,high_over_low_mid_d0.25,2.422266370765292,2.120824981852149,2.735593110063377
conch_pre,CONCH,normalized_high_minus_low_mid_d0.25,0.002372427617765226,0.002067261201791329,0.0026682475900286886
conch_pre,CONCH,shift_low_mid_d0.5,0.003631440050502086,0.0031800351347242954,0.0041245563313117555
conch_pre,CONCH,normalized_shift_low_mid_d0.5,0.00641488957774202,0.005586049033229433,0.00729113203813021
conch_pre,CONCH,target_gain_low_mid_d0.5,-0.00012091182203654592,-0.00047865026776424096,0.0002528607151936553
conch_pre,CONCH,normalized_target_gain_low_mid_d0.5,-0.00021358909309291673,-0.000848547883824958,0.0004427804221247035
conch_pre,CONCH,shift_mid_d0.5,0.005874739457847022,0.0054077423452663495,0.006380526437954376
conch_pre,CONCH,normalized_shift_mid_d0.5,0.010377647543674083,0.009523333174971553,0.011259171012587091
conch_pre,CONCH,target_gain_mid_d0.5,-0.0036161621423278657,-0.003989340355261428,-0.003234536349067084
conch_pre,CONCH,normalized_target_gain_mid_d0.5,-0.006387901360243302,-0.00707010164309705,-0.0056890052882645255
conch_pre,CONCH,shift_high_d0.5,0.008031706735806407,0.0073574128969162425,0.008767679552513868
conch_pre,CONCH,normalized_shift_high_d0.5,0.014187900974403074,0.01297146694827113,0.015483423781247854
conch_pre,CONCH,target_gain_high_d0.5,-0.0011065221102896474,-0.001598122365856797,-0.0006164481941464183
conch_pre,CONCH,normalized_target_gain_high_d0.5,-0.0019546562945068472,-0.002821682203638818,-0.0010883961566739416
conch_pre,CONCH,high_over_low_mid_d0.5,2.2117139823624337,1.9977597933403664,2.4421085036269
conch_pre,CONCH,normalized_high_minus_low_mid_d0.5,0.007773011396661054,0.006827495834366772,0.00872510510647509
conch_pre,CONCH,tissue_retrieval,0.587037037037037,0.5141331168831169,0.6715723410576352
conch_pre,CONCH,detectability_linear,0.9730582524271844,0.9639308252427186,0.980485436893204
conch_pre,CONCH,detectability_mlp,0.9579611650485436,0.946745145631068,0.9680594660194174
conch_pre,CONCH,detectability_knn,0.7935436893203884,0.7786407766990292,0.8077669902912622
conch_pre,CONCH,detectability_best,0.9730582524271844,0.9639308252427186,0.980485436893204
conch_pre,CONCH,scanner_probe_6way,0.9584142394822006,0.9456290453074432,0.9688511326860841
conch_pre,CONCH,robustness_index,0.4096055336226304,0.3505227012897488,0.46885518181625424
conch_pre,CONCH,so_rate,0.20513071895424836,0.17803155339805826,0.23130111062576839
conch_pre,CONCH,os_rate,0.2956699346405229,0.2610071625737674,0.3321571482962117
seal_conch_pre,SEAL-CONCH,between_tissue_distance,0.24686198260457667,0.23348312960816398,0.26007027068163513
seal_conch_pre,SEAL-CONCH,target_distance_raw,0.04092672102082404,0.03880550227976886,0.043105280046119764
seal_conch_pre,SEAL-CONCH,target_distance_reinhard,0.029709052444712766,0.02806592683401915,0.031440242714199464
seal_conch_pre,SEAL-CONCH,target_distance_frequency,0.03502026010087532,0.03320041444109398,0.03691108378096921
seal_conch_pre,SEAL-CONCH,target_distance_combined,0.027656780029461227,0.026193984318106846,0.02919097193395463
seal_conch_pre,SEAL-CONCH,normalized_distance,0.16578786489931271,0.15467954135527537,0.1775597429897635
seal_conch_pre,SEAL-CONCH,normalized_distance_versa,0.10573599781747031,0.09856421526316961,0.11338199508229767
seal_conch_pre,SEAL-CONCH,normalized_distance_akoya,0.3584736202782951,0.32758247612332553,0.3903555974232543
seal_conch_pre,SEAL-CONCH,normalized_distance_gt450,0.15301146114134745,0.1434647103814966,0.16327053101106292
seal_conch_pre,SEAL-CONCH,normalized_distance_s360,0.08632588768322845,0.07690460714092295,0.09759370765208021
seal_conch_pre,SEAL-CONCH,normalized_distance_s60,0.1253923575762225,0.11466923792441254,0.13748131611132627
seal_conch_pre,SEAL-CONCH,colour_share,0.27409155427828147,0.2600282414647871,0.2882633321217436
seal_conch_pre,SEAL-CONCH,frequency_alone_share,0.1443179607998266,0.13571084230527972,0.15289452809549575
seal_conch_pre,SEAL-CONCH,frequency_share,0.05014504861523884,0.04061240598450138,0.060006434208828466
seal_conch_pre,SEAL-CONCH,colour_frequency_share,0.3242366028935203,0.30933189916992926,0.33965602865273287
seal_conch_pre,SEAL-CONCH,shift_low_mid_d0.25,0.0003538665893275003,0.0003070119616717381,0.0004133911293820881
seal_conch_pre,SEAL-CONCH,normalized_shift_low_mid_d0.25,0.0014334592374003717,0.0012317954838916326,0.0016811410626715042
seal_conch_pre,SEAL-CONCH,target_gain_low_mid_d0.25,0.00047872363176347884,0.00039666021285531114,0.0005661970351956748
seal_conch_pre,SEAL-CONCH,normalized_target_gain_low_mid_d0.25,0.0019392359516544027,0.0016019190448608527,0.0023082404090057403
seal_conch_pre,SEAL-CONCH,shift_mid_d0.25,0.0006350408001898541,0.0005781103891235497,0.0006983567720152145
seal_conch_pre,SEAL-CONCH,normalized_shift_mid_d0.25,0.002572452807393441,0.0023302789250280965,0.002849772849523176
seal_conch_pre,SEAL-CONCH,target_gain_mid_d0.25,-0.00015682194173178754,-0.00022804984353654576,-8.555324614980449e-05
seal_conch_pre,SEAL-CONCH,normalized_target_gain_mid_d0.25,-0.0006352616149202074,-0.0009371761917957197,-0.00034210616219173547
seal_conch_pre,SEAL-CONCH,shift_high_d0.25,0.0009160636870325412,0.000833526348576242,0.0010071365140976014
seal_conch_pre,SEAL-CONCH,normalized_shift_high_d0.25,0.0037108333870099846,0.0033572024049080937,0.0040994087094942564
seal_conch_pre,SEAL-CONCH,target_gain_high_d0.25,0.0007686085281456299,0.0006352111753950589,0.0009053782069991435
seal_conch_pre,SEAL-CONCH,normalized_target_gain_high_d0.25,0.0031135151716608646,0.00258417403704205,0.0036544954776627225
seal_conch_pre,SEAL-CONCH,high_over_low_mid_d0.25,2.588726131996408,2.293835976489549,2.8852613304683783
seal_conch_pre,SEAL-CONCH,normalized_high_minus_low_mid_d0.25,0.002277374149609613,0.0020193121859089294,0.0025587619303002224
seal_conch_pre,SEAL-CONCH,shift_low_mid_d0.5,0.0014157595925130284,0.0012660955794391417,0.00158447106262356
seal_conch_pre,SEAL-CONCH,normalized_shift_low_mid_d0.5,0.005735024800399465,0.005048524014018608,0.006450019367891762
seal_conch_pre,SEAL-CONCH,target_gain_low_mid_d0.5,0.0005210408839344433,0.0003329093143940285,0.0007160775816896184
seal_conch_pre,SEAL-CONCH,normalized_target_gain_low_mid_d0.5,0.002110656644806447,0.001349294179140588,0.0028953630369236
seal_conch_pre,SEAL-CONCH,shift_mid_d0.5,0.0024477575774794675,0.0022516759661049927,0.002651620903370835
seal_conch_pre,SEAL-CONCH,normalized_shift_mid_d0.5,0.00991549023326238,0.00910975290548724,0.010777425195390863
seal_conch_pre,SEAL-CONCH,target_gain_mid_d0.5,-0.0012047368372285008,-0.0013908987681139201,-0.0010234571376970894
seal_conch_pre,SEAL-CONCH,normalized_target_gain_mid_d0.5,-0.004880204009210472,-0.0056950319719078525,-0.004096275251781962
seal_conch_pre,SEAL-CONCH,shift_high_d0.5,0.003254843910350581,0.002984805218782727,0.0035493414760825134
seal_conch_pre,SEAL-CONCH,normalized_shift_high_d0.5,0.013184873085801093,0.012065525598890464,0.014431121545066473
seal_conch_pre,SEAL-CONCH,target_gain_high_d0.5,-0.0002725245343907136,-0.0005442446840309896,-1.057703833089598e-05
seal_conch_pre,SEAL-CONCH,normalized_target_gain_high_d0.5,-0.0011039550582693132,-0.0022272605607595846,-4.157915967342785e-05
seal_conch_pre,SEAL-CONCH,high_over_low_mid_d0.5,2.299008904875655,2.1094263190479654,2.5043838583258933
seal_conch_pre,SEAL-CONCH,normalized_high_minus_low_mid_d0.5,0.00744984828540163,0.006629917653260657,0.008305140693129582
seal_conch_pre,SEAL-CONCH,tissue_retrieval,0.6032407407407407,0.5348463203463203,0.6828535884050588
seal_conch_pre,SEAL-CONCH,detectability_linear,0.9777669902912622,0.9711152912621358,0.9839368932038834
seal_conch_pre,SEAL-CONCH,detectability_mlp,0.9584466019417476,0.9480582524271843,0.9675242718446602
seal_conch_pre,SEAL-CONCH,detectability_knn,0.8294660194174758,0.813735436893204,0.8451480582524272
seal_conch_pre,SEAL-CONCH,detectability_best,0.9777669902912622,0.9711152912621358,0.9839368932038834
seal_conch_pre,SEAL-CONCH,scanner_probe_6way,0.9630258899676375,0.9500809061488673,0.9737864077669901
seal_conch_pre,SEAL-CONCH,robustness_index,0.40746079797542967,0.34951865283818057,0.4645872671605892
seal_conch_pre,SEAL-CONCH,so_rate,0.20783496732026144,0.1788888631099689,0.23526837418300653
seal_conch_pre,SEAL-CONCH,os_rate,0.3022385620915033,0.2683890931372549,0.336187704248366
plip,PLIP,between_tissue_distance,0.2046696288099788,0.1956033002695058,0.21434035891702422
plip,PLIP,target_distance_raw,0.09409487299498494,0.09144841254351492,0.09685421689568209
plip,PLIP,target_distance_reinhard,0.0587267155981924,0.05707339282695862,0.060383421446715636
plip,PLIP,target_distance_frequency,0.08506500182586885,0.08250613965906253,0.08760391369327616
plip,PLIP,target_distance_combined,0.054815469872597805,0.05319132471146613,0.05645234329477966
plip,PLIP,normalized_distance,0.45974028263052813,0.4296028076164933,0.4926724629806336
plip,PLIP,normalized_distance_versa,0.15295463055594036,0.14235442194847195,0.16506034957875088
plip,PLIP,normalized_distance_akoya,0.8283067757286038,0.7708237745340749,0.8883113010912689
plip,PLIP,normalized_distance_gt450,0.44306851895983507,0.41252807702941646,0.4740549256122372
plip,PLIP,normalized_distance_s360,0.41716970348001114,0.39082650692599774,0.4475559266404672
plip,PLIP,normalized_distance_s60,0.45720178442825077,0.4198531208405016,0.5000257379188637
plip,PLIP,colour_share,0.3758776251143629,0.366726968593865,0.384353043629178
plip,PLIP,frequency_alone_share,0.09596560239363269,0.09197695443729748,0.09996512129409633
plip,PLIP,frequency_share,0.04156704399614901,0.038190574222698156,0.0450668940262236
plip,PLIP,colour_frequency_share,0.4174446691105119,0.4085871952550193,0.425649494721452
plip,PLIP,shift_low_mid_d0.25,0.0005285148188836714,0.0004754697213356075,0.0005847186787182992
plip,PLIP,normalized_shift_low_mid_d0.25,0.0025822825885630537,0.0022999268063501966,0.002867830298907532
plip,PLIP,target_gain_low_mid_d0.25,0.0004844467023934446,0.0003530465719959526,0.0006120376217813405
plip,PLIP,normalized_target_gain_low_mid_d0.25,0.002366969174714334,0.0017286281124287207,0.002996455331736557
plip,PLIP,shift_mid_d0.25,0.0008430006885828262,0.0007729749959550818,0.0009091710587548379
plip,PLIP,normalized_shift_mid_d0.25,0.004118836260584087,0.0037121000790458275,0.004538371913244729
plip,PLIP,target_gain_mid_d0.25,0.00031442204725962153,0.00022349229772207794,0.00040907047097586284
plip,PLIP,normalized_target_gain_mid_d0.25,0.0015362418405103966,0.0010765056648494868,0.002022687138140877
plip,PLIP,shift_high_d0.25,0.00111597306411518,0.0010425199868474176,0.00118843700178239
plip,PLIP,normalized_shift_high_d0.25,0.005452558206138546,0.0049592213712557395,0.005958744910514487
plip,PLIP,target_gain_high_d0.25,-0.000827883231743875,-0.0009609856176681135,-0.0006911357934397451
plip,PLIP,normalized_target_gain_high_d0.25,-0.0040449735339702295,-0.004787136374539759,-0.0033102811870811106
plip,PLIP,high_over_low_mid_d0.25,2.111526534813797,1.9369730358695996,2.311136252652368
plip,PLIP,normalized_high_minus_low_mid_d0.25,0.0028702756175754927,0.0024999178624452137,0.0032589409345367302
plip,PLIP,shift_low_mid_d0.5,0.0021114736095723743,0.0019079229158607263,0.0023246115870464825
plip,PLIP,normalized_shift_low_mid_d0.5,0.010316496990047934,0.009230350553039243,0.011458404787772285
plip,PLIP,target_gain_low_mid_d0.5,0.0004969884759183353,0.0002250819883574677,0.0007647451935815719
plip,PLIP,normalized_target_gain_low_mid_d0.5,0.0024282473115723184,0.001103802758445771,0.0037385565185902524
plip,PLIP,shift_mid_d0.5,0.0030218828926684344,0.0027914830543901816,0.003238077989991218
plip,PLIP,normalized_shift_mid_d0.5,0.014764686437546814,0.013406703579167994,0.016143670583741665
plip,PLIP,target_gain_mid_d0.5,0.00038326175357330437,0.00020294708955003731,0.00056009889324145
plip,PLIP,normalized_target_gain_mid_d0.5,0.0018725873291593042,0.0009932311541208656,0.002762145113695692
plip,PLIP,shift_high_d0.5,0.0038674555639163885,0.00362671143734712,0.004102741010869096
plip,PLIP,normalized_shift_high_d0.5,0.018896089206801886,0.017210629005694377,0.0206046348899683
plip,PLIP,target_gain_high_d0.5,-0.0022922150332223244,-0.002516130943991966,-0.0020622322212221047
plip,PLIP,normalized_target_gain_high_d0.5,-0.011199585627579767,-0.012571172487145248,-0.009817715541415719
plip,PLIP,high_over_low_mid_d0.5,1.8316381253278575,1.6832555558820916,2.0019710676274243
plip,PLIP,normalized_high_minus_low_mid_d0.5,0.00857959221675395,0.007343414307390476,0.009861808864277991
plip,PLIP,tissue_retrieval,0.33796296296296297,0.2617563025210084,0.4215069576217584
plip,PLIP,detectability_linear,0.9892233009708736,0.9831043689320389,0.9938847087378642
plip,PLIP,detectability_mlp,0.9896601941747573,0.9845145631067961,0.993883495145631
plip,PLIP,detectability_knn,0.9215048543689319,0.9130570388349513,0.929902912621359
plip,PLIP,detectability_best,0.9896601941747573,0.9846092233009709,0.9941771844660194
plip,PLIP,scanner_probe_6way,0.9889967637540451,0.9839805825242718,0.9928013754045307
plip,PLIP,robustness_index,0.05899301655515945,0.04630572437825941,0.07383386887136748
plip,PLIP,so_rate,0.039477124183006536,0.032336601307189544,0.04727912055911473
plip,PLIP,os_rate,0.6297058823529412,0.5887312253284152,0.6684032352941176
dinov2,DINOv2,between_tissue_distance,0.12056130611830056,0.10627587107132917,0.13836599052497295
dinov2,DINOv2,target_distance_raw,0.02149598645385837,0.019435888531459625,0.023711217040936622
dinov2,DINOv2,target_distance_reinhard,0.01781934771689317,0.016080533892011726,0.019797227932437513
dinov2,DINOv2,target_distance_frequency,0.019677550627012735,0.017826572194475337,0.02182496955234536
dinov2,DINOv2,target_distance_combined,0.017780894443851197,0.016048459109331045,0.01973327733084742
dinov2,DINOv2,normalized_distance,0.17829921677163543,0.16665515859739777,0.18984002215741608
dinov2,DINOv2,normalized_distance_versa,0.1406021871820566,0.13341804296214377,0.14839384253354554
dinov2,DINOv2,normalized_distance_akoya,0.3293982828061322,0.2975685720500076,0.36224240240447636
dinov2,DINOv2,normalized_distance_gt450,0.18160593916256332,0.16885093368676202,0.19559210525814352
dinov2,DINOv2,normalized_distance_s360,0.10561815438251179,0.09518311067042015,0.11775004388372091
dinov2,DINOv2,normalized_distance_s60,0.1342715203249135,0.11824937645005733,0.15564378489555394
dinov2,DINOv2,colour_share,0.17103838173964195,0.15459959249973645,0.18685412132490864
dinov2,DINOv2,frequency_alone_share,0.08459420230604203,0.06960108903388224,0.09804997045291039
dinov2,DINOv2,frequency_share,0.0017888582654493482,-0.014138546087726732,0.017036748462089486
dinov2,DINOv2,colour_frequency_share,0.1728272400050913,0.14704538149212876,0.19772110120236863
dinov2,DINOv2,shift_low_mid_d0.25,0.0006178904541311274,0.000454092037549577,0.0008710864357264639
dinov2,DINOv2,normalized_shift_low_mid_d0.25,0.0051251141350843,0.0038027644849362393,0.007084157566355148
dinov2,DINOv2,target_gain_low_mid_d0.25,2.035309878589991e-05,-0.00014670792976152617,0.00015737680895458873
dinov2,DINOv2,normalized_target_gain_low_mid_d0.25,0.00016881949475504578,-0.0012079955832769366,0.0013460608028833807
dinov2,DINOv2,shift_mid_d0.25,0.0004616895041803682,0.0003770659120305494,0.0006021389942748959
dinov2,DINOv2,normalized_shift_mid_d0.25,0.0038294998540189685,0.003109639298132932,0.004919677787387559
dinov2,DINOv2,target_gain_mid_d0.25,-0.00020554053152883444,-0.00030632125042137165,-0.00011238349720688943
dinov2,DINOv2,normalized_target_gain_mid_d0.25,-0.0017048631782999113,-0.002585859643029526,-0.0008958003754479782
dinov2,DINOv2,shift_high_d0.25,0.0005582012570490182,0.000489708680852939,0.0006700792711153292
dinov2,DINOv2,normalized_shift_high_d0.25,0.004630019987518086,0.0038988715489590175,0.00555626826937872
dinov2,DINOv2,target_gain_high_d0.25,0.00021249356346478653,0.00015639073596581605,0.0002724922646609752
dinov2,DINOv2,normalized_target_gain_high_d0.25,0.0017625353465918628,0.0013292880416167967,0.002223130977484099
dinov2,DINOv2,high_over_low_mid_d0.25,0.9033984152319626,0.7473153587840239,1.114225576771961
dinov2,DINOv2,normalized_high_minus_low_mid_d0.25,-0.0004950941475662127,-0.001740287520630269,0.00045372222539470365
dinov2,DINOv2,shift_low_mid_d0.5,0.0019516819742968299,0.0015652673939644804,0.0024726215561616904
dinov2,DINOv2,normalized_shift_low_mid_d0.5,0.016188294877808852,0.013156964218150618,0.01982604285972411
dinov2,DINOv2,target_gain_low_mid_d0.5,-0.0005758415053609353,-0.0009840169419448237,-0.00026423160985377607
dinov2,DINOv2,normalized_target_gain_low_mid_d0.5,-0.004776337648464856,-0.007884250699041334,-0.002192347602638033
dinov2,DINOv2,shift_mid_d0.5,0.0014958743099238573,0.0012843033705638297,0.0017695240438953114
dinov2,DINOv2,normalized_shift_mid_d0.5,0.01240758215124207,0.010773181100154624,0.014326775726936528
dinov2,DINOv2,target_gain_mid_d0.5,-0.0008693382843743126,-0.0010819176001660854,-0.000669545438761898
dinov2,DINOv2,normalized_target_gain_mid_d0.5,-0.007210757019514006,-0.009036602482906076,-0.005501819798251161
dinov2,DINOv2,shift_high_d0.5,0.0018239922098887338,0.0016407800583065598,0.002060730662283643
dinov2,DINOv2,normalized_shift_high_d0.5,0.015129167629446091,0.013300256965407365,0.017061207888856057
dinov2,DINOv2,target_gain_high_d0.5,-0.00026216667002821746,-0.00041159405580495163,-0.00011272152591123502
dinov2,DINOv2,normalized_target_gain_high_d0.5,-0.0021745506785648696,-0.0034311299173126115,-0.0009263531550948785
dinov2,DINOv2,high_over_low_mid_d0.5,0.9345745023575875,0.8109692931462277,1.077075294855424
dinov2,DINOv2,normalized_high_minus_low_mid_d0.5,-0.0010591272483627607,-0.003643813210006846,0.0010694866175524902
dinov2,DINOv2,tissue_retrieval,0.3634259259259259,0.2947496279761905,0.440017156862745
dinov2,DINOv2,detectability_linear,0.9573300970873787,0.9446080097087379,0.9679138349514562
dinov2,DINOv2,detectability_mlp,0.9568446601941747,0.9429114077669901,0.9682524271844659
dinov2,DINOv2,detectability_knn,0.7244660194174758,0.7131553398058254,0.735485436893204
dinov2,DINOv2,detectability_best,0.9573300970873787,0.9449490291262136,0.9686407766990289
dinov2,DINOv2,scanner_probe_6way,0.948462783171521,0.9335740291262133,0.9605177993527508
dinov2,DINOv2,robustness_index,0.2728092439219877,0.22749829450103437,0.3224426012716526
dinov2,DINOv2,so_rate,0.13348039215686275,0.11050358128688367,0.15941774144933055
dinov2,DINOv2,os_rate,0.35580065359477125,0.3332033697411003,0.376035698836874
exaonepath_raw,EXAONEPath (no Macenko),between_tissue_distance,0.7437564492137867,0.7308574387449929,0.757166360912069
exaonepath_raw,EXAONEPath (no Macenko),target_distance_raw,0.2811025791528152,0.27052451032808195,0.29137424794677175
exaonepath_raw,EXAONEPath (no Macenko),target_distance_reinhard,0.2288904533428337,0.22046432265133192,0.2371698688069273
exaonepath_raw,EXAONEPath (no Macenko),target_distance_frequency,0.26840965603606753,0.2584711148781173,0.27818266775378997
exaonepath_raw,EXAONEPath (no Macenko),target_distance_combined,0.22366497356584686,0.2157530840179632,0.23155457276454966
exaonepath_raw,EXAONEPath (no Macenko),normalized_distance,0.3779497703179103,0.36005902679311147,0.3955143297651366
exaonepath_raw,EXAONEPath (no Macenko),normalized_distance_versa,0.35512183099952016,0.3337707159089024,0.3760677876410723
exaonepath_raw,EXAONEPath (no Macenko),normalized_distance_akoya,0.5156351365438703,0.4899827584205906,0.5438015180164313
exaonepath_raw,EXAONEPath (no Macenko),normalized_distance_gt450,0.41108543989661916,0.39273196194174903,0.42919500746666567
exaonepath_raw,EXAONEPath (no Macenko),normalized_distance_s360,0.26972986511626135,0.25348408202475503,0.2859355121631211
exaonepath_raw,EXAONEPath (no Macenko),normalized_distance_s60,0.3381765790332806,0.3201022137519376,0.3565059614039676
exaonepath_raw,EXAONEPath (no Macenko),colour_share,0.18574047227648363,0.1777859216184011,0.19324215625951643
exaonepath_raw,EXAONEPath (no Macenko),frequency_alone_share,0.04515406139282508,0.041846853004724245,0.0483827983366749
exaonepath_raw,EXAONEPath (no Macenko),frequency_share,0.018589227436956828,0.01488223300549643,0.022103973945212785
exaonepath_raw,EXAONEPath (no Macenko),colour_frequency_share,0.20432969971344048,0.1960752412793673,0.21252590946325609
exaonepath_raw,EXAONEPath (no Macenko),shift_low_mid_d0.25,0.0028289875651360866,0.00251616941964013,0.003175831331607056
exaonepath_raw,EXAONEPath (no Macenko),normalized_shift_low_mid_d0.25,0.0038036477776112933,0.0033855962749528355,0.0042630761435746446
exaonepath_raw,EXAONEPath (no Macenko),target_gain_low_mid_d0.25,-0.0005592207283697211,-0.0008539686409431561,-0.0002837728707707311
exaonepath_raw,EXAONEPath (no Macenko),normalized_target_gain_low_mid_d0.25,-0.0007518868965248834,-0.001149445632788221,-0.00037912006952193643
exaonepath_raw,EXAONEPath (no Macenko),shift_mid_d0.25,0.006339647313418313,0.005774709962531983,0.006947147352457443
exaonepath_raw,EXAONEPath (no Macenko),normalized_shift_mid_d0.25,0.008523821635590328,0.007751096524740841,0.009327334977904167
exaonepath_raw,EXAONEPath (no Macenko),target_gain_mid_d0.25,-8.438607383010707e-05,-0.0005797404814765282,0.0003627977510958155
exaonepath_raw,EXAONEPath (no Macenko),normalized_target_gain_mid_d0.25,-0.0001134592835051182,-0.0007780250484367986,0.0004880001774474078
exaonepath_raw,EXAONEPath (no Macenko),shift_high_d0.25,0.006304464231062124,0.0057585074436991325,0.006929473927553835
exaonepath_raw,EXAONEPath (no Macenko),normalized_shift_high_d0.25,0.008476517061097722,0.0077268436862126975,0.009310422315599382
exaonepath_raw,EXAONEPath (no Macenko),target_gain_high_d0.25,-0.0007322227045007075,-0.0011837181151008,-0.00030064009022655737
exaonepath_raw,EXAONEPath (no Macenko),normalized_target_gain_high_d0.25,-0.0009844925785513908,-0.0015964413586348706,-0.00040259923414695786
exaonepath_raw,EXAONEPath (no Macenko),high_over_low_mid_d0.25,2.228523132712622,2.0263891113993417,2.4617908458462194
exaonepath_raw,EXAONEPath (no Macenko),normalized_high_minus_low_mid_d0.25,0.004672869283486428,0.004055321602384298,0.005374368525213953
exaonepath_raw,EXAONEPath (no Macenko),shift_low_mid_d0.5,0.011159309089629598,0.010015671870621124,0.012426527368963568
exaonepath_raw,EXAONEPath (no Macenko),normalized_shift_low_mid_d0.5,0.015003982958972564,0.01348738538590171,0.01670550021456192
exaonepath_raw,EXAONEPath (no Macenko),target_gain_low_mid_d0.5,-0.0034598479228573334,-0.004215173923733641,-0.002726564790801381
exaonepath_raw,EXAONEPath (no Macenko),normalized_target_gain_low_mid_d0.5,-0.004651856029638041,-0.005655967164069427,-0.0036673351953127814
exaonepath_raw,EXAONEPath (no Macenko),shift_mid_d0.5,0.023649090512525957,0.02169735616472585,0.025698182991946313
exaonepath_raw,EXAONEPath (no Macenko),normalized_shift_mid_d0.5,0.03179682077046194,0.029171518211181257,0.03445807415943294
exaonepath_raw,EXAONEPath (no Macenko),target_gain_mid_d0.5,-0.004070703397397086,-0.0052529736816447035,-0.0030442867235215363
exaonepath_raw,EXAONEPath (no Macenko),normalized_target_gain_mid_d0.5,-0.0054731671929704444,-0.007008975210796119,-0.004100542476962913
exaonepath_raw,EXAONEPath (no Macenko),shift_high_d0.5,0.023356673075301922,0.02149966243090426,0.025400422053606007
exaonepath_raw,EXAONEPath (no Macenko),normalized_shift_high_d0.5,0.031403657877510704,0.028750705385253934,0.03411500506825516
exaonepath_raw,EXAONEPath (no Macenko),target_gain_high_d0.5,-0.005697930037042992,-0.006816009382035867,-0.0046824388861004245
exaonepath_raw,EXAONEPath (no Macenko),normalized_target_gain_high_d0.5,-0.0076610159724546725,-0.009172574365991075,-0.006296714239482766
exaonepath_raw,EXAONEPath (no Macenko),high_over_low_mid_d0.5,2.0930214306015946,1.9174038945289915,2.2898312956054547
exaonepath_raw,EXAONEPath (no Macenko),normalized_high_minus_low_mid_d0.5,0.01639967491853814,0.014303294355908686,0.018675476228396038
exaonepath_raw,EXAONEPath (no Macenko),tissue_retrieval,0.47870370370370363,0.39458590102707747,0.5644074144809438
exaonepath_raw,EXAONEPath (no Macenko),detectability_linear,0.9953398058252428,0.9922815533980582,0.9978640776699029
exaonepath_raw,EXAONEPath (no Macenko),detectability_mlp,0.9909223300970874,0.9855327669902912,0.9953883495145631
exaonepath_raw,EXAONEPath (no Macenko),detectability_knn,0.9463592233009708,0.9327669902912623,0.9579623786407767
exaonepath_raw,EXAONEPath (no Macenko),detectability_best,0.9953398058252428,0.9922815533980582,0.9978640776699029
exaonepath_raw,EXAONEPath (no Macenko),scanner_probe_6way,0.9964401294498382,0.9936893203883496,0.998462783171521
exaonepath_raw,EXAONEPath (no Macenko),robustness_index,0.11370014457011651,0.0863008551000645,0.14632358147869173
exaonepath_raw,EXAONEPath (no Macenko),so_rate,0.06553921568627451,0.05221561488673139,0.07926511437908497
exaonepath_raw,EXAONEPath (no Macenko),os_rate,0.5108823529411765,0.4551278635216463,0.5663984627831715
clip,CLIP ViT-B/32,between_tissue_distance,0.07731751518070104,0.07027400269579265,0.08587167621311585
clip,CLIP ViT-B/32,target_distance_raw,0.027566159666156873,0.026079572837175737,0.02929166100443033
clip,CLIP ViT-B/32,target_distance_reinhard,0.021439072164036423,0.02045164955343501,0.022553041573337845
clip,CLIP ViT-B/32,target_distance_frequency,0.02547127696119995,0.024102403367259117,0.0270389196550615
clip,CLIP ViT-B/32,target_distance_combined,0.020015821588990516,0.019147337981470124,0.02097454311235347
clip,CLIP ViT-B/32,normalized_distance,0.3565318880428476,0.3287734508579074,0.38424073664773195
clip,CLIP ViT-B/32,normalized_distance_versa,0.22728050633321886,0.21019802335512638,0.24603708972250007
clip,CLIP ViT-B/32,normalized_distance_akoya,0.611187555144768,0.5538425396537858,0.6721301272513357
clip,CLIP ViT-B/32,normalized_distance_gt450,0.3776151391226161,0.346026548391473,0.41190080053204925
clip,CLIP ViT-B/32,normalized_distance_s360,0.2580295746888296,0.233437131044081,0.28237887893930463
clip,CLIP ViT-B/32,normalized_distance_s60,0.3085466649248054,0.28049374135890026,0.33456165002366683
clip,CLIP ViT-B/32,colour_share,0.22226844712224128,0.20850215147577564,0.23645924323514173
clip,CLIP ViT-B/32,frequency_alone_share,0.07599472434054066,0.07034586131566435,0.08151079601890257
clip,CLIP ViT-B/32,frequency_share,0.05163035374830395,0.044265038707509335,0.058881739956589144
clip,CLIP ViT-B/32,colour_frequency_share,0.27389880087054524,0.2575466999899938,0.2911857496209645
clip,CLIP ViT-B/32,shift_low_mid_d0.25,0.0003629412534035952,0.00030603622729689835,0.00043751599265780234
clip,CLIP ViT-B/32,normalized_shift_low_mid_d0.25,0.004694166031530559,0.003888581513678928,0.005609888742122148
clip,CLIP ViT-B/32,target_gain_low_mid_d0.25,-0.00011104555463661405,-0.000196739739036648,-2.0942203754435796e-05
clip,CLIP ViT-B/32,normalized_target_gain_low_mid_d0.25,-0.0014362276694625561,-0.002610841040580076,-0.0002603839444107741
clip,CLIP ViT-B/32,shift_mid_d0.25,0.0005896481436135044,0.0005349874546879312,0.0006515895274666999
clip,CLIP ViT-B/32,normalized_shift_mid_d0.25,0.007626320404056188,0.0066707809887315795,0.008676757618007534
clip,CLIP ViT-B/32,target_gain_mid_d0.25,-0.0005582906178106058,-0.0006834537883441487,-0.00044585005288015156
clip,CLIP ViT-B/32,normalized_target_gain_mid_d0.25,-0.007220752199625251,-0.00883120627074694,-0.005741351579642299
clip,CLIP ViT-B/32,shift_high_d0.25,0.00039933912167713307,0.0003735731200913438,0.0004295491454330713
clip,CLIP ViT-B/32,normalized_shift_high_d0.25,0.005164924412583952,0.00462462808647597,0.005742970391725763
clip,CLIP ViT-B/32,target_gain_high_d0.25,0.0005313595723407617,0.0004631466111088373,0.0006118307335104549
clip,CLIP ViT-B/32,normalized_target_gain_high_d0.25,0.006872434675363087,0.0060717447678164845,0.007689070377381819
clip,CLIP ViT-B/32,high_over_low_mid_d0.25,1.1002858394635646,0.9377186707401428,1.2721883633991997
clip,CLIP ViT-B/32,normalized_high_minus_low_mid_d0.25,0.0004707583810533921,-0.00034296461096822986,0.001115195001913932
clip,CLIP ViT-B/32,shift_low_mid_d0.5,0.0013453644832903066,0.0011734653455989165,0.0015472038011332856
clip,CLIP ViT-B/32,normalized_shift_low_mid_d0.5,0.01740051371472577,0.014817542362141736,0.0201002326037912
clip,CLIP ViT-B/32,target_gain_low_mid_d0.5,-0.0006193239343858486,-0.0008057051226524753,-0.0004244249200362233
clip,CLIP ViT-B/32,normalized_target_gain_low_mid_d0.5,-0.00801013758575154,-0.010688725181861383,-0.005345571333164371
clip,CLIP ViT-B/32,shift_mid_d0.5,0.00221338277633303,0.0020534187524643053,0.0023823525901386705
clip,CLIP ViT-B/32,normalized_shift_mid_d0.5,0.028627184553979362,0.02529992463492007,0.03188783222153596
clip,CLIP ViT-B/32,target_gain_mid_d0.5,-0.00195538127510874,-0.002233719665568176,-0.0016972537705482952
clip,CLIP ViT-B/32,normalized_target_gain_mid_d0.5,-0.02529027569676497,-0.02923750471058595,-0.021468755938955694
clip,CLIP ViT-B/32,shift_high_d0.5,0.0014111102356259432,0.0013399682125518136,0.0014861879809159573
clip,CLIP ViT-B/32,normalized_shift_high_d0.5,0.018250848237013256,0.01644188912740422,0.020051380831208342
clip,CLIP ViT-B/32,target_gain_high_d0.5,0.0005101602809426609,0.00038515005206193756,0.0006509701687655502
clip,CLIP ViT-B/32,normalized_target_gain_high_d0.5,0.006598249824122649,0.005159130859868049,0.008049920073617047
clip,CLIP ViT-B/32,high_over_low_mid_d0.5,1.0488683573501545,0.9194739369630601,1.1865623795295739
clip,CLIP ViT-B/32,normalized_high_minus_low_mid_d0.5,0.0008503345222874823,-0.0015851238164228283,0.002889643187551406
clip,CLIP ViT-B/32,tissue_retrieval,0.2879629629629629,0.2210752801120448,0.3610897640306122
clip,CLIP ViT-B/32,detectability_linear,0.9870388349514564,0.9825728155339806,0.9908750000000001
clip,CLIP ViT-B/32,detectability_mlp,0.9880582524271846,0.9829114077669903,0.9921371359223301
clip,CLIP ViT-B/32,detectability_knn,0.8816504854368932,0.8718895631067961,0.8902924757281555
clip,CLIP ViT-B/32,detectability_best,0.9880582524271846,0.9835922330097087,0.9921856796116506
clip,CLIP ViT-B/32,scanner_probe_6way,0.9815533980582524,0.9749979773462782,0.9862459546925567
clip,CLIP ViT-B/32,robustness_index,0.0901982224821676,0.06853675940576412,0.11486530974441635
clip,CLIP ViT-B/32,so_rate,0.05795751633986928,0.04491825702773018,0.07231452265372168
clip,CLIP ViT-B/32,os_rate,0.5845996732026144,0.5552406196930373,0.611997550786632
resnet50,ResNet50 (avgpool),between_tissue_distance,0.28983211955309135,0.2743851681351633,0.30627988470858747
resnet50,ResNet50 (avgpool),target_distance_raw,0.0678541404176916,0.06526470426768964,0.07048072736057609
resnet50,ResNet50 (avgpool),target_distance_reinhard,0.03985732017825563,0.0379100583877554,0.041688932111863905
resnet50,ResNet50 (avgpool),target_distance_frequency,0.06443718441359761,0.061847211281649224,0.06705417544436708
resnet50,ResNet50 (avgpool),target_distance_combined,0.03647980083750835,0.03472261622597305,0.03826724491858737
resnet50,ResNet50 (avgpool),normalized_distance,0.2341153234580065,0.21979462362975657,0.24869013319533415
resnet50,ResNet50 (avgpool),normalized_distance_versa,0.11730553115723771,0.11017633219214117,0.1256469222258451
resnet50,ResNet50 (avgpool),normalized_distance_akoya,0.5536933786978762,0.5155402040069306,0.5954182941254037
resnet50,ResNet50 (avgpool),normalized_distance_gt450,0.2423585991218375,0.2273677168046167,0.25740816153579754
resnet50,ResNet50 (avgpool),normalized_distance_s360,0.11370313498825926,0.10245058010197157,0.12573785536290333
resnet50,ResNet50 (avgpool),normalized_distance_s60,0.143515973324822,0.13165573650365497,0.15636106022501164
resnet50,ResNet50 (avgpool),colour_share,0.41260297554570985,0.39578359026510007,0.4282761856014833
resnet50,ResNet50 (avgpool),frequency_alone_share,0.05035736924910017,0.04103756245485056,0.05993932848820985
resnet50,ResNet50 (avgpool),frequency_share,0.04977617165225573,0.04335717197557178,0.05596727109751266
resnet50,ResNet50 (avgpool),colour_frequency_share,0.4623791471979656,0.4454990163296617,0.47836570756612895
resnet50,ResNet50 (avgpool),shift_low_mid_d0.25,0.0010264728137494691,0.0008988118759549634,0.001174913312774275
resnet50,ResNet50 (avgpool),normalized_shift_low_mid_d0.25,0.0035416116589570747,0.0030600317315038405,0.004086382724597917
resnet50,ResNet50 (avgpool),target_gain_low_mid_d0.25,-0.00018713825922025295,-0.0003146222923596696,-6.518309144559596e-05
resnet50,ResNet50 (avgpool),normalized_target_gain_low_mid_d0.25,-0.0006456781239733266,-0.0011031256517150016,-0.00022553708062301132
resnet50,ResNet50 (avgpool),shift_mid_d0.25,0.0011180850228500775,0.0010234897542163775,0.001215990483038061
resnet50,ResNet50 (avgpool),normalized_shift_mid_d0.25,0.0038576988105187117,0.0034623381824122217,0.004252733579881171
resnet50,ResNet50 (avgpool),target_gain_mid_d0.25,0.00019293786922438609,7.065422372171871e-05,0.00031112206016068724
resnet50,ResNet50 (avgpool),normalized_target_gain_mid_d0.25,0.0006656883630492299,0.000245512484141885,0.001061283176412435
resnet50,ResNet50 (avgpool),shift_high_d0.25,0.0011441008894022204,0.001057887336582935,0.0012278739698756607
resnet50,ResNet50 (avgpool),normalized_shift_high_d0.25,0.003947460658143669,0.0035273917196609553,0.004380756286257823
resnet50,ResNet50 (avgpool),target_gain_high_d0.25,0.0012768739536768393,0.0011530037044429518,0.001405851625082344
resnet50,ResNet50 (avgpool),normalized_target_gain_high_d0.25,0.004405564005969124,0.003897568046795575,0.004972219779649117
resnet50,ResNet50 (avgpool),high_over_low_mid_d0.25,1.1145944384275341,1.014427074169281,1.2238062052569862
resnet50,ResNet50 (avgpool),normalized_high_minus_low_mid_d0.25,0.00040584899918659354,5.642594552801771e-05,0.0007310539561943619
resnet50,ResNet50 (avgpool),shift_low_mid_d0.5,0.0037678447734604465,0.003371481676254733,0.004176194804034801
resnet50,ResNet50 (avgpool),normalized_shift_low_mid_d0.5,0.013000093913919207,0.011487048314591975,0.014510866807249372
resnet50,ResNet50 (avgpool),target_gain_low_mid_d0.5,-0.0014540448692076603,-0.0017266308492597682,-0.0011821038833709926
resnet50,ResNet50 (avgpool),normalized_target_gain_low_mid_d0.5,-0.005016852070949675,-0.00601089003587252,-0.004025799212911565
resnet50,ResNet50 (avgpool),shift_mid_d0.5,0.004248204935482466,0.003909765662877339,0.0045823440156787945
resnet50,ResNet50 (avgpool),normalized_shift_mid_d0.5,0.014657467716252481,0.013185067148824314,0.0160494460171289
resnet50,ResNet50 (avgpool),target_gain_mid_d0.5,-0.0011784507842886737,-0.0015041973399413653,-0.0008438095932210886
resnet50,ResNet50 (avgpool),normalized_target_gain_mid_d0.5,-0.004065977180534007,-0.005236974436336846,-0.002874037905954095
resnet50,ResNet50 (avgpool),shift_high_d0.5,0.004043299146058653,0.003773645163172041,0.004301221876056418
resnet50,ResNet50 (avgpool),normalized_shift_high_d0.5,0.01395048675865617,0.012527921829331037,0.015365678685219378
resnet50,ResNet50 (avgpool),target_gain_high_d0.5,0.0012271831645112937,0.001018717788491977,0.0014414017508043526
resnet50,ResNet50 (avgpool),normalized_target_gain_high_d0.5,0.0042341172068974175,0.003475833405044837,0.005028356133075745
resnet50,ResNet50 (avgpool),high_over_low_mid_d0.5,1.0731066137698728,0.9881416559385113,1.1671192385120082
resnet50,ResNet50 (avgpool),normalized_high_minus_low_mid_d0.5,0.0009503928447369653,-0.00016133415009425873,0.002035432554024177
resnet50,ResNet50 (avgpool),tissue_retrieval,0.23240740740740737,0.1703874883286648,0.29848845598845597
resnet50,ResNet50 (avgpool),detectability_linear,0.8451456310679611,0.8272330097087378,0.8619915048543689
resnet50,ResNet50 (avgpool),detectability_mlp,0.8475728155339807,0.8265036407766989,0.8667973300970874
resnet50,ResNet50 (avgpool),detectability_knn,0.7393203883495145,0.7276686893203882,0.7510206310679612
resnet50,ResNet50 (avgpool),detectability_best,0.8475728155339807,0.8299466019417475,0.8670412621359224
resnet50,ResNet50 (avgpool),scanner_probe_6way,0.864967637540453,0.8474898867313915,0.8821217637540453
resnet50,ResNet50 (avgpool),robustness_index,0.16651651651651653,0.13088598974582108,0.2046433262416389
resnet50,ResNet50 (avgpool),so_rate,0.09060457516339869,0.07146958484040865,0.10993648867313915
resnet50,ResNet50 (avgpool),os_rate,0.45351307189542484,0.42687095469255665,0.4785740291262135
resnet50_layer3,"ResNet50 (layer3, CLAM)",between_tissue_distance,0.17924974921905856,0.1687613767883072,0.19071333134441423
resnet50_layer3,"ResNet50 (layer3, CLAM)",target_distance_raw,0.03765641904814777,0.03638636643017743,0.03897911742854463
resnet50_layer3,"ResNet50 (layer3, CLAM)",target_distance_reinhard,0.02067300739403835,0.019702269685090815,0.021685052036075153
resnet50_layer3,"ResNet50 (layer3, CLAM)",target_distance_frequency,0.034486943098228404,0.03316028210019521,0.0358160713228858
resnet50_layer3,"ResNet50 (layer3, CLAM)",target_distance_combined,0.017953258267867735,0.017071820286827938,0.018902032078359002
resnet50_layer3,"ResNet50 (layer3, CLAM)",normalized_distance,0.21007794550456188,0.1949266644136063,0.22549543408182698
resnet50_layer3,"ResNet50 (layer3, CLAM)",normalized_distance_versa,0.10069107996507667,0.09317306104233233,0.10890629293186742
resnet50_layer3,"ResNet50 (layer3, CLAM)",normalized_distance_akoya,0.527719068641607,0.48377961547895076,0.5734386196637072
resnet50_layer3,"ResNet50 (layer3, CLAM)",normalized_distance_gt450,0.21009879266993428,0.19612717009251965,0.2247811983894685
resnet50_layer3,"ResNet50 (layer3, CLAM)",normalized_distance_s360,0.09831255994670803,0.08772756965478563,0.1096610574332016
resnet50_layer3,"ResNet50 (layer3, CLAM)",normalized_distance_s60,0.11356822629948343,0.10146349908850073,0.12704354583783048
resnet50_layer3,"ResNet50 (layer3, CLAM)",colour_share,0.4510097370754852,0.43015988957601375,0.47165389284413994
resnet50_layer3,"ResNet50 (layer3, CLAM)",frequency_alone_share,0.08416827807941188,0.07687240898688942,0.09208924698455032
resnet50_layer3,"ResNet50 (layer3, CLAM)",frequency_share,0.07222537869820084,0.06515522839037978,0.07899871142938153
resnet50_layer3,"ResNet50 (layer3, CLAM)",colour_frequency_share,0.523235115773686,0.503663572879769,0.5425300266077048
resnet50_layer3,"ResNet50 (layer3, CLAM)",shift_low_mid_d0.25,0.0004796791506701347,0.0004266561158815432,0.0005442918264928898
resnet50_layer3,"ResNet50 (layer3, CLAM)",normalized_shift_low_mid_d0.25,0.0026760380572913695,0.002334256916634363,0.003069439460323422
resnet50_layer3,"ResNet50 (layer3, CLAM)",target_gain_low_mid_d0.25,-0.0002841820379297898,-0.0003730544723564298,-0.0001882573508713441
resnet50_layer3,"ResNet50 (layer3, CLAM)",normalized_target_gain_low_mid_d0.25,-0.0015853971298029263,-0.0021088343437086336,-0.0010405786378482288
resnet50_layer3,"ResNet50 (layer3, CLAM)",shift_mid_d0.25,0.0005868618591633755,0.0005378177746168717,0.0006382925554399827
resnet50_layer3,"ResNet50 (layer3, CLAM)",normalized_shift_mid_d0.25,0.0032739898477971087,0.002919146554277085,0.0036360222279756436
resnet50_layer3,"ResNet50 (layer3, CLAM)",target_gain_mid_d0.25,0.00025844855737518235,0.00018706418701420642,0.0003281633352185645
resnet50_layer3,"ResNet50 (layer3, CLAM)",normalized_target_gain_mid_d0.25,0.0014418349732770674,0.0010252765212837827,0.0018509133999289643
resnet50_layer3,"ResNet50 (layer3, CLAM)",shift_high_d0.25,0.0006552010525049623,0.0006006958261215547,0.0007092361117888932
resnet50_layer3,"ResNet50 (layer3, CLAM)",normalized_shift_high_d0.25,0.0036552411111284203,0.003251244772225969,0.004094844763607584
resnet50_layer3,"ResNet50 (layer3, CLAM)",target_gain_high_d0.25,0.0008021796633607969,0.000709556451567929,0.0009000103159164805
resnet50_layer3,"ResNet50 (layer3, CLAM)",normalized_target_gain_high_d0.25,0.004475206614545746,0.003879835890697834,0.005090472270962168
resnet50_layer3,"ResNet50 (layer3, CLAM)",high_over_low_mid_d0.25,1.3659152197664108,1.2432757055536796,1.486578121655097
resnet50_layer3,"ResNet50 (layer3, CLAM)",normalized_high_minus_low_mid_d0.25,0.0009792030538370506,0.0006935904454334405,0.0012468538729506257
resnet50_layer3,"ResNet50 (layer3, CLAM)",shift_low_mid_d0.5,0.0018029272974617702,0.0016337324035092323,0.001984029169809658
resnet50_layer3,"ResNet50 (layer3, CLAM)",normalized_shift_low_mid_d0.5,0.010058185884870827,0.008885982245201958,0.01129223721460261
resnet50_layer3,"ResNet50 (layer3, CLAM)",target_gain_low_mid_d0.5,-0.0012535149466885779,-0.0014534359454387484,-0.001048264788254535
resnet50_layer3,"ResNet50 (layer3, CLAM)",normalized_target_gain_low_mid_d0.5,-0.006993119667669243,-0.008230705564935159,-0.005763928215877721
resnet50_layer3,"ResNet50 (layer3, CLAM)",shift_mid_d0.5,0.0023256467236330643,0.0021359371888158684,0.002522905502279981
resnet50_layer3,"ResNet50 (layer3, CLAM)",normalized_shift_mid_d0.5,0.012974337391071742,0.011585779269297188,0.014366984678984004
resnet50_layer3,"ResNet50 (layer3, CLAM)",target_gain_mid_d0.5,-0.0005120352571650513,-0.0007242407973536502,-0.00031404614539566747
resnet50_layer3,"ResNet50 (layer3, CLAM)",normalized_target_gain_mid_d0.5,-0.0028565465747977157,-0.004051785920859433,-0.0017716107149820153
resnet50_layer3,"ResNet50 (layer3, CLAM)",shift_high_d0.5,0.0023877162976292735,0.0022049684140465087,0.0025624255120248215
resnet50_layer3,"ResNet50 (layer3, CLAM)",normalized_shift_high_d0.5,0.013320611649566546,0.011907235243898294,0.01480483504274313
resnet50_layer3,"ResNet50 (layer3, CLAM)",target_gain_high_d0.5,0.0006904778403941235,0.000537591599624258,0.0008410870323579537
resnet50_layer3,"ResNet50 (layer3, CLAM)",normalized_target_gain_high_d0.5,0.0038520435504224913,0.002999989350997517,0.00473327509364172
resnet50_layer3,"ResNet50 (layer3, CLAM)",high_over_low_mid_d0.5,1.324355286533623,1.2329452129058602,1.424529897736965
resnet50_layer3,"ResNet50 (layer3, CLAM)",normalized_high_minus_low_mid_d0.5,0.00326242576469572,0.0023775472136805466,0.004133458674750618
resnet50_layer3,"ResNet50 (layer3, CLAM)",tissue_retrieval,0.2833333333333333,0.20914248511904765,0.3588354163757389
resnet50_layer3,"ResNet50 (layer3, CLAM)",detectability_linear,0.9413106796116504,0.9291262135922329,0.9528640776699028
resnet50_layer3,"ResNet50 (layer3, CLAM)",detectability_mlp,0.9435436893203883,0.9280097087378641,0.9570400485436894
resnet50_layer3,"ResNet50 (layer3, CLAM)",detectability_knn,0.831747572815534,0.8186893203883495,0.845145631067961
resnet50_layer3,"ResNet50 (layer3, CLAM)",detectability_best,0.9435436893203883,0.9310679611650486,0.9570873786407766
resnet50_layer3,"ResNet50 (layer3, CLAM)",scanner_probe_6way,0.9599514563106796,0.94789644012945,0.9696601941747572
resnet50_layer3,"ResNet50 (layer3, CLAM)",robustness_index,0.12053071881494112,0.09220227977316255,0.15345209107078017
resnet50_layer3,"ResNet50 (layer3, CLAM)",so_rate,0.07392156862745099,0.057825302208261944,0.09179741797709183
resnet50_layer3,"ResNet50 (layer3, CLAM)",os_rate,0.5393790849673202,0.5026099069579288,0.5738700294786759
