predictor,outcome,model,x,y,predicted,residual,residual_lo,residual_hi,residual_in_sd,on_trend,extrapolated
normalized_shift_high_d0.25,robustness_index,plip,0.005452558206138546,0.05899301655515945,0.3856684145305903,-0.3266753979754309,-0.3771111173592821,-0.27874755791493405,-6.329601043581064,False,False
normalized_shift_high_d0.25,robustness_index,dinov2,0.004630019987518086,0.2728092439219877,0.4116419459066144,-0.13883270198462672,-0.18755237968560806,-0.09053785532257723,-2.689996310745026,False,False
normalized_shift_high_d0.25,robustness_index,exaonepath_raw,0.008476517061097722,0.11370014457011651,0.29017997591333305,-0.17647983134321654,-0.21256546230900478,-0.1429383271817924,-3.419440005473098,False,False
normalized_shift_high_d0.25,robustness_index,clip,0.005164924412583952,0.0901982224821676,0.3947511114710741,-0.30455288898890653,-0.3530801518131365,-0.25737159623651723,-5.900959472053026,False,False
normalized_shift_high_d0.25,robustness_index,resnet50,0.003947460658143669,0.16651651651651653,0.43319532270561356,-0.266678806189097,-0.3124998864927642,-0.22135485761531531,-5.167118370151683,False,False
normalized_shift_high_d0.25,robustness_index,resnet50_layer3,0.0036552411111284203,0.12053071881494112,0.44242282533256483,-0.3218921065176237,-0.3672486067084849,-0.2762012120804886,-6.236920888323809,False,False
normalized_shift_high_d0.25,normalized_distance,plip,0.005452558206138546,0.45974028263052813,0.2378977148200755,0.22184256781045264,0.20192846506315013,0.24307053711784563,4.487860459538588,False,False
normalized_shift_high_d0.25,normalized_distance,dinov2,0.004630019987518086,0.17829921677163543,0.2093732861502858,-0.03107406937865037,-0.05498353922970536,-0.015099826586300031,-0.6286263662461674,True,False
normalized_shift_high_d0.25,normalized_distance,exaonepath_raw,0.008476517061097722,0.3779497703179103,0.3427642082011727,0.03518556211673762,0.016261149379233418,0.05248059184070755,0.7118015921329659,True,False
normalized_shift_high_d0.25,normalized_distance,clip,0.005164924412583952,0.3565318880428476,0.22792299335238544,0.12860889469046213,0.11048139391809039,0.14739429017654276,2.6017494249320174,False,False
normalized_shift_high_d0.25,normalized_distance,resnet50,0.003947460658143669,0.2341153234580065,0.18570312169726622,0.04841220176074029,0.04005092921274379,0.05630994573654398,0.9793756364507502,True,False
normalized_shift_high_d0.25,normalized_distance,resnet50_layer3,0.0036552411111284203,0.21007794550456188,0.1755693729716026,0.034508572532959275,0.025771557809718043,0.04326905348456644,0.6981061376737736,True,False
normalized_shift_mid_d0.25,robustness_index,plip,0.004118836260584087,0.05899301655515945,0.41555982221672766,-0.35656680566156823,-0.40600517290922744,-0.30854238466790157,-5.960475601547592,False,False
normalized_shift_mid_d0.25,robustness_index,dinov2,0.0038294998540189685,0.2728092439219877,0.4243162670653141,-0.15150702314332642,-0.20370744464797044,-0.09875225558539101,-2.53263596209802,False,False
normalized_shift_mid_d0.25,robustness_index,exaonepath_raw,0.008523821635590328,0.11370014457011651,0.2822478344410341,-0.16854768987091756,-0.20283539293506284,-0.13741764734327944,-2.8174927593409897,False,False
normalized_shift_mid_d0.25,robustness_index,clip,0.007626320404056188,0.0901982224821676,0.3094097119550496,-0.21921148947288202,-0.26928002489332575,-0.17008157854740824,-3.6644037353891283,False,False
normalized_shift_mid_d0.25,robustness_index,resnet50,0.0038576988105187117,0.16651651651651653,0.4234628569801159,-0.2569463404635993,-0.305481443197211,-0.21096560204136375,-4.295190603619602,False,False
normalized_shift_mid_d0.25,robustness_index,resnet50_layer3,0.0032739898477971087,0.12053071881494112,0.44112816014875467,-0.3205974413338135,-0.36901320638430457,-0.27284692375388536,-5.359201127663311,False,False
normalized_shift_mid_d0.25,normalized_distance,plip,0.004118836260584087,0.45974028263052813,0.20115219504765436,0.25858808758287377,0.23783023811238355,0.2800279290026587,12.878237979124131,False,False
normalized_shift_mid_d0.25,normalized_distance,dinov2,0.0038294998540189685,0.17829921677163543,0.19045413293565153,-0.012154916164016094,-0.04510071976253801,0.009747032467012326,-0.6053407349104394,True,False
normalized_shift_mid_d0.25,normalized_distance,exaonepath_raw,0.008523821635590328,0.3779497703179103,0.36402422246973704,0.013925547848173292,-0.0037780775907253357,0.031112550932591364,0.693521967136173,True,False
normalized_shift_mid_d0.25,normalized_distance,clip,0.007626320404056188,0.3565318880428476,0.33083958444047357,0.02569230360237401,-0.0034267775270152264,0.05355726288991194,1.2795314862183709,False,False
normalized_shift_mid_d0.25,normalized_distance,resnet50,0.0038576988105187117,0.2341153234580065,0.19149677458489736,0.04261854887310915,0.03276610589637158,0.05206206028800375,2.1224945814138985,False,False
normalized_shift_mid_d0.25,normalized_distance,resnet50_layer3,0.0032739898477971087,0.21007794550456188,0.1699144413671001,0.04016350413746178,0.030995700934367622,0.04942155556168031,2.000228120299637,False,False
normalized_shift_low_mid_d0.25,robustness_index,plip,0.0025822825885630537,0.05899301655515945,0.43634307637855113,-0.3773500598233917,-0.4276876601459828,-0.32782526941496254,-4.908120074324941,False,False
normalized_shift_low_mid_d0.25,robustness_index,dinov2,0.0051251141350843,0.2728092439219877,0.3348568840876019,-0.062047640165614204,-0.1265763367962351,0.00941203998746929,-0.8070417913909219,True,False
normalized_shift_low_mid_d0.25,robustness_index,exaonepath_raw,0.0038036477776112933,0.11370014457011651,0.38759753418846976,-0.27389738961835325,-0.3085811399085408,-0.23888484089712847,-3.5625309743430593,False,False
normalized_shift_low_mid_d0.25,robustness_index,clip,0.004694166031530559,0.0901982224821676,0.35205632546015664,-0.26185810297798906,-0.30991332238990904,-0.2159149849978477,-3.40593827506595,False,False
normalized_shift_low_mid_d0.25,robustness_index,resnet50,0.0035416116589570747,0.16651651651651653,0.3980555796540835,-0.23153906313756697,-0.276591928565477,-0.19036662385510422,-3.0115843212208664,False,False
normalized_shift_low_mid_d0.25,robustness_index,resnet50_layer3,0.0026760380572913695,0.12053071881494112,0.4326012297978341,-0.31207051098289296,-0.3598631353260471,-0.2657053933699971,-4.059041464778989,False,False
normalized_shift_low_mid_d0.25,normalized_distance,plip,0.0025822825885630537,0.45974028263052813,0.17336613890057856,0.28637414372994957,0.2630742387962628,0.3124130260485486,5.314218676706032,False,False
normalized_shift_low_mid_d0.25,normalized_distance,dinov2,0.0051251141350843,0.17829921677163543,0.30198355776238717,-0.12368434099075173,-0.20315656662772266,-0.06865335077372789,-2.2951989531881405,False,False
normalized_shift_low_mid_d0.25,normalized_distance,exaonepath_raw,0.0038036477776112933,0.3779497703179103,0.23514327011399178,0.14280650020391855,0.1288849538057729,0.15667866219038415,2.6500471050009815,False,False
normalized_shift_low_mid_d0.25,normalized_distance,clip,0.004694166031530559,0.3565318880428476,0.28018603333797065,0.07634585470487693,0.0413923894584104,0.10646121790195613,1.4167430120518636,False,False
normalized_shift_low_mid_d0.25,normalized_distance,resnet50,0.0035416116589570747,0.2341153234580065,0.22188938026195684,0.012225943196049666,-0.002069916144585538,0.02551160678837122,0.22687570472165972,True,False
normalized_shift_low_mid_d0.25,normalized_distance,resnet50_layer3,0.0026760380572913695,0.21007794550456188,0.17810832735128893,0.031969618153272955,0.02202634503687018,0.04076051500695119,0.5932572670998284,True,False
